	Kingdom	Phylum	Class	Order	Family	Genus	Species
ASV_1	Viridiplantae	Streptophyta	Magnoliopsida	Ericales	Ericaceae	Vaccinium	NA
ASV_2	Viridiplantae	Streptophyta	Magnoliopsida	Fabales	Fabaceae	Lotus	NA
ASV_3	Viridiplantae	Streptophyta	Magnoliopsida	Lamiales	Orobanchaceae	Pedicularis	sylvatica
ASV_4	Viridiplantae	Streptophyta	Magnoliopsida	Fabales	Fabaceae	Vicia	NA
ASV_5	Viridiplantae	Streptophyta	Magnoliopsida	Fabales	Fabaceae	Vicia	NA
ASV_6	Viridiplantae	Streptophyta	Magnoliopsida	Fabales	Fabaceae	Lathyrus	NA
ASV_7	Viridiplantae	Streptophyta	Magnoliopsida	Boraginales	Boraginaceae	Glandora	NA
ASV_8	Viridiplantae	Streptophyta	Magnoliopsida	Asterales	Asteraceae	Cirsium	NA
ASV_9	Viridiplantae	Streptophyta	Magnoliopsida	Fabales	Fabaceae	Vicia	NA
ASV_10	Viridiplantae	Streptophyta	Magnoliopsida	Ericales	Ericaceae	Daboecia	NA
ASV_11	Viridiplantae	Streptophyta	Magnoliopsida	Fabales	Fabaceae	Lotus	NA
ASV_12	Viridiplantae	Streptophyta	Magnoliopsida	Asterales	Asteraceae	Cirsium	NA
ASV_13	Viridiplantae	Streptophyta	Magnoliopsida	Malpighiales	Violaceae	Viola	labradorica
ASV_14	Viridiplantae	Streptophyta	Magnoliopsida	Ranunculales	Ranunculaceae	Helleborus	atrorubens/viridis
ASV_15	Viridiplantae	Streptophyta	Magnoliopsida	Fabales	Fabaceae	Trifolium	NA
ASV_16	Viridiplantae	Streptophyta	Magnoliopsida	Fabales	Fabaceae	Trifolium	NA
ASV_17	Viridiplantae	Streptophyta	Magnoliopsida	Fabales	Fabaceae	Lathyrus	NA
ASV_18	Viridiplantae	Streptophyta	Magnoliopsida	Ericales	Ericaceae	Erica	NA
ASV_19	Viridiplantae	Streptophyta	Magnoliopsida	Boraginales	Boraginaceae	Symphytum	NA
ASV_20	Viridiplantae	Streptophyta	Magnoliopsida	Ericales	Ericaceae	Erica	cinerea
ASV_21	Viridiplantae	Streptophyta	Magnoliopsida	Fabales	Fabaceae	Lotus	NA
ASV_22	Viridiplantae	Streptophyta	Magnoliopsida	Fabales	Fabaceae	Vicia	NA
ASV_23	Viridiplantae	Streptophyta	Magnoliopsida	Rosales	Rosaceae	Rubus	NA
ASV_24	Viridiplantae	Streptophyta	Magnoliopsida	Fabales	Fabaceae	Lotus	NA
ASV_25	Viridiplantae	Streptophyta	Magnoliopsida	Fabales	Fabaceae	Trifolium	NA
ASV_26	Viridiplantae	Streptophyta	Magnoliopsida	Ericales	Primulaceae	Primula	NA
ASV_27	Viridiplantae	Streptophyta	Magnoliopsida	Lamiales	Orobanchaceae	Brandisia	NA
ASV_28	Viridiplantae	Streptophyta	Magnoliopsida	Boraginales	Boraginaceae	Symphytum	NA
ASV_29	Viridiplantae	Streptophyta	Magnoliopsida	Rosales	Rosaceae	Rubus	NA
ASV_30	Viridiplantae	Streptophyta	Magnoliopsida	Lamiales	Plantaginaceae	Digitalis	mariana/purpurea/thapsi
ASV_31	Viridiplantae	Streptophyta	Magnoliopsida	Ericales	Ericaceae	Daboecia	NA
ASV_32	Viridiplantae	Streptophyta	Magnoliopsida	Ericales	Ericaceae	Vaccinium	NA
ASV_33	Viridiplantae	Streptophyta	Magnoliopsida	Fabales	Fabaceae	Trifolium	occidentale/repens
ASV_34	Viridiplantae	Streptophyta	Magnoliopsida	Boraginales	Boraginaceae	Symphytum	NA
ASV_35	Viridiplantae	Streptophyta	Magnoliopsida	Boraginales	Boraginaceae	Pulmonaria	longifolia
ASV_36	Viridiplantae	Streptophyta	Magnoliopsida	Lamiales	Orobanchaceae	Lathraea	NA
ASV_37	Viridiplantae	Streptophyta	Magnoliopsida	Malpighiales	Violaceae	Viola	NA
ASV_38	Viridiplantae	Streptophyta	Magnoliopsida	Fabales	Fabaceae	Vicia	NA
ASV_39	Viridiplantae	Streptophyta	Magnoliopsida	Boraginales	Boraginaceae	Glandora	NA
ASV_40	Viridiplantae	Streptophyta	Magnoliopsida	Ranunculales	Ranunculaceae	Ranunculus	bulbosus
ASV_41	Viridiplantae	Streptophyta	Magnoliopsida	Boraginales	Boraginaceae	Echium	vulgare
ASV_42	Viridiplantae	Streptophyta	Magnoliopsida	Asterales	Asteraceae	Cirsium	NA
ASV_43	Viridiplantae	Streptophyta	Magnoliopsida	Lamiales	Plantaginaceae	Linaria	NA
ASV_44	Viridiplantae	Streptophyta	Magnoliopsida	Asterales	Asteraceae	Cirsium	NA
ASV_45	Viridiplantae	Streptophyta	Magnoliopsida	Fabales	Fabaceae	Lotus	NA
ASV_46	Viridiplantae	Streptophyta	Magnoliopsida	Lamiales	Plantaginaceae	Linaria	NA
ASV_47	Viridiplantae	Streptophyta	Magnoliopsida	Fabales	Fabaceae	Ulex	NA
ASV_48	Viridiplantae	Streptophyta	Magnoliopsida	Lamiales	Plantaginaceae	Linaria	NA
ASV_49	Viridiplantae	Streptophyta	Magnoliopsida	Ericales	Ericaceae	Erica	vagans
ASV_50	Viridiplantae	Streptophyta	Magnoliopsida	Fabales	Fabaceae	Trifolium	NA
ASV_51	Viridiplantae	Streptophyta	Magnoliopsida	Fabales	Fabaceae	Vicia	NA
ASV_52	Viridiplantae	Streptophyta	Magnoliopsida	Fabales	Fabaceae	Vicia	NA
ASV_53	Viridiplantae	Streptophyta	Magnoliopsida	Asterales	Asteraceae	Cirsium	NA
ASV_54	Viridiplantae	Streptophyta	Magnoliopsida	Myrtales	Myrtaceae	Leptospermum	NA
ASV_55	Viridiplantae	Streptophyta	Magnoliopsida	Rosales	Rosaceae	Rubus	NA
ASV_56	Viridiplantae	Streptophyta	Magnoliopsida	Fabales	Fabaceae	Trifolium	environmental/repens
ASV_57	Viridiplantae	Streptophyta	Magnoliopsida	Boraginales	Boraginaceae	Echium	NA
ASV_58	Viridiplantae	Streptophyta	Magnoliopsida	Fabales	Fabaceae	Lathyrus	NA
ASV_59	Viridiplantae	Streptophyta	Magnoliopsida	Brassicales	Brassicaceae	Erysimum	NA
ASV_60	Viridiplantae	Streptophyta	Magnoliopsida	Lamiales	Plantaginaceae	Veronica	NA
ASV_61	Viridiplantae	Streptophyta	Magnoliopsida	Asterales	Asteraceae	Cirsium	NA
ASV_62	Viridiplantae	Streptophyta	Magnoliopsida	Fabales	Fabaceae	Anthyllis	NA
ASV_63	Viridiplantae	Streptophyta	Magnoliopsida	Fabales	Fabaceae	Lotus	NA
ASV_64	Viridiplantae	Streptophyta	Magnoliopsida	Fabales	Fabaceae	Lotus	NA
ASV_65	Viridiplantae	Streptophyta	Magnoliopsida	Asterales	Asteraceae	Taraxacum	NA
ASV_66	Viridiplantae	Streptophyta	Magnoliopsida	Asterales	Asteraceae	Cirsium	NA
ASV_67	Viridiplantae	Streptophyta	Magnoliopsida	Lamiales	Plantaginaceae	Linaria	NA
ASV_68	Viridiplantae	Streptophyta	Magnoliopsida	Ericales	Primulaceae	Primula	NA
ASV_69	Viridiplantae	Streptophyta	Magnoliopsida	Lamiales	Plantaginaceae	Linaria	NA
ASV_70	Viridiplantae	Streptophyta	Magnoliopsida	Fabales	Fabaceae	Lotus	NA
ASV_71	Viridiplantae	Streptophyta	Magnoliopsida	Boraginales	Boraginaceae	Glandora	NA
ASV_72	Viridiplantae	Streptophyta	Magnoliopsida	Oxalidales	Oxalidaceae	Oxalis	acetosella
ASV_73	Viridiplantae	Streptophyta	Magnoliopsida	Boraginales	Boraginaceae	Echium	NA
ASV_74	Viridiplantae	Streptophyta	Magnoliopsida	Fagales	Fagaceae	Fagus	NA
ASV_75	Viridiplantae	Streptophyta	Magnoliopsida	Asterales	Asteraceae	Cirsium	NA
ASV_76	Viridiplantae	Streptophyta	Magnoliopsida	Boraginales	Boraginaceae	Pulmonaria	NA
ASV_77	Viridiplantae	Streptophyta	Magnoliopsida	Brassicales	Brassicaceae	Erucastrum	NA
ASV_78	Viridiplantae	Streptophyta	Magnoliopsida	Fabales	Fabaceae	Lotus	NA
ASV_79	Viridiplantae	Streptophyta	Magnoliopsida	Lamiales	Orobanchaceae	Brandisia	NA
ASV_80	Viridiplantae	Streptophyta	Magnoliopsida	Lamiales	Plantaginaceae	Plantago	environmental/lanceolata/leiopetala
ASV_81	Viridiplantae	Streptophyta	Magnoliopsida	Asterales	Asteraceae	Cirsium	NA
ASV_82	Viridiplantae	Streptophyta	Magnoliopsida	Lamiales	Plantaginaceae	Linaria	NA
ASV_83	Viridiplantae	Streptophyta	Magnoliopsida	Lamiales	Plantaginaceae	Linaria	NA
ASV_84	Viridiplantae	Streptophyta	Magnoliopsida	Fabales	Fabaceae	Lotus	NA
ASV_85	Viridiplantae	Streptophyta	Magnoliopsida	Sapindales	Anacardiaceae	Spondias	NA
ASV_86	Viridiplantae	Streptophyta	Magnoliopsida	Asterales	Asteraceae	Taraxacum	NA
ASV_87	Viridiplantae	Streptophyta	Magnoliopsida	Asterales	Asteraceae	Cirsium	NA
ASV_88	Viridiplantae	Streptophyta	Magnoliopsida	Fabales	Fabaceae	Lotus	NA
ASV_89	Viridiplantae	Streptophyta	Magnoliopsida	Boraginales	Boraginaceae	Glandora	NA
ASV_90	Viridiplantae	Streptophyta	Magnoliopsida	Fabales	Fabaceae	Ulex	NA
ASV_91	Viridiplantae	Streptophyta	Magnoliopsida	Lamiales	Orobanchaceae	Brandisia	NA
ASV_92	Viridiplantae	Streptophyta	Magnoliopsida	Lamiales	Plantaginaceae	Plantago	canescens/media
ASV_93	Viridiplantae	Streptophyta	Magnoliopsida	Boraginales	Boraginaceae	Echium	NA
ASV_94	Viridiplantae	Streptophyta	Magnoliopsida	Fabales	Fabaceae	Lotus	NA
ASV_95	Viridiplantae	Streptophyta	Magnoliopsida	Boraginales	Boraginaceae	Pulmonaria	NA
ASV_96	Viridiplantae	Streptophyta	Magnoliopsida	Apiales	Apiaceae	Chaerophyllum	NA
ASV_97	Viridiplantae	Streptophyta	Magnoliopsida	Boraginales	Boraginaceae	Glandora	NA
ASV_98	Viridiplantae	Streptophyta	Magnoliopsida	Ericales	Ericaceae	Erica	NA
ASV_99	Viridiplantae	Streptophyta	Magnoliopsida	Boraginales	Boraginaceae	Glandora	NA
ASV_100	Viridiplantae	Streptophyta	Magnoliopsida	Asterales	Asteraceae	Cirsium	NA
ASV_101	Viridiplantae	Streptophyta	Magnoliopsida	Fabales	Fabaceae	Vicia	NA
ASV_102	Viridiplantae	Streptophyta	Magnoliopsida	Fabales	Fabaceae	Lotus	NA
ASV_103	Viridiplantae	Streptophyta	Magnoliopsida	Lamiales	Plantaginaceae	Veronica	NA
ASV_104	Viridiplantae	Streptophyta	Magnoliopsida	Fabales	Fabaceae	Trifolium	NA
ASV_105	Viridiplantae	Streptophyta	Magnoliopsida	Fabales	Fabaceae	Lathyrus	NA
ASV_106	Viridiplantae	Streptophyta	Magnoliopsida	Ericales	Ericaceae	Erica	tetralix
ASV_107	Viridiplantae	Streptophyta	Magnoliopsida	Lamiales	Plantaginaceae	Linaria	NA
ASV_108	Viridiplantae	Streptophyta	Magnoliopsida	Fabales	Fabaceae	Lotus	NA
ASV_109	Viridiplantae	Streptophyta	Magnoliopsida	Boraginales	Boraginaceae	Myosotis	NA
ASV_110	Viridiplantae	Streptophyta	Magnoliopsida	Fabales	Fabaceae	Vicia	NA
ASV_111	Viridiplantae	Streptophyta	Magnoliopsida	Ericales	Ericaceae	Daboecia	NA
ASV_112	Viridiplantae	Streptophyta	Magnoliopsida	Boraginales	Boraginaceae	Myosotis	NA
ASV_113	Viridiplantae	Streptophyta	Magnoliopsida	Fabales	Fabaceae	Lotus	NA
ASV_114	Viridiplantae	Streptophyta	Magnoliopsida	Lamiales	Plantaginaceae	Linaria	NA
ASV_115	Viridiplantae	Streptophyta	Magnoliopsida	Fabales	Fabaceae	Lotus	NA
ASV_116	Viridiplantae	Streptophyta	Magnoliopsida	Boraginales	Boraginaceae	Pulmonaria	NA
ASV_117	Viridiplantae	Streptophyta	Magnoliopsida	Fabales	Fabaceae	Lathyrus	NA
ASV_118	Viridiplantae	Streptophyta	Magnoliopsida	Lamiales	Plantaginaceae	Linaria	NA
ASV_119	Viridiplantae	Streptophyta	Magnoliopsida	Fabales	Fabaceae	Lotus	NA
ASV_120	Viridiplantae	Streptophyta	Magnoliopsida	Asterales	Asteraceae	Hypochaeris	NA
ASV_121	Viridiplantae	Streptophyta	Magnoliopsida	Rosales	Rosaceae	Rosa	canina/environmental
ASV_122	Viridiplantae	Streptophyta	Magnoliopsida	Rosales	Rosaceae	Potentilla	erecta
ASV_123	Viridiplantae	Streptophyta	Magnoliopsida	Lamiales	Lamiaceae	Ajuga	NA
ASV_124	Viridiplantae	Streptophyta	Magnoliopsida	Fabales	Fabaceae	Lotus	NA
ASV_125	Viridiplantae	Streptophyta	Magnoliopsida	Fabales	Fabaceae	Lathyrus	NA
ASV_126	Viridiplantae	Streptophyta	Magnoliopsida	Fabales	Fabaceae	Anthyllis	NA
ASV_127	Viridiplantae	Streptophyta	Magnoliopsida	Fabales	Fabaceae	Lotus	NA
ASV_128	Viridiplantae	Streptophyta	Magnoliopsida	Asterales	Asteraceae	Cirsium	NA
ASV_129	Viridiplantae	Streptophyta	Magnoliopsida	Lamiales	Plantaginaceae	Linaria	NA
ASV_130	Viridiplantae	Streptophyta	Magnoliopsida	Fabales	Fabaceae	Anthyllis	NA
ASV_131	Viridiplantae	Streptophyta	Magnoliopsida	Lamiales	Plantaginaceae	Linaria	NA
ASV_132	Viridiplantae	Streptophyta	Magnoliopsida	Malpighiales	Hypericaceae	Hypericum	NA
ASV_133	Viridiplantae	Streptophyta	Magnoliopsida	Lamiales	Plantaginaceae	Linaria	NA
ASV_134	Viridiplantae	Streptophyta	Magnoliopsida	Boraginales	Boraginaceae	Echium	NA
ASV_135	Viridiplantae	Streptophyta	Magnoliopsida	Asterales	Asteraceae	Cirsium	palustre
ASV_136	Viridiplantae	Streptophyta	Magnoliopsida	Fabales	Fabaceae	Lathyrus	NA
ASV_137	Viridiplantae	Streptophyta	Magnoliopsida	Fabales	Fabaceae	Lotus	tenuis
ASV_138	Viridiplantae	Streptophyta	Magnoliopsida	Fabales	Fabaceae	Lotus	pedunculatus
ASV_139	Viridiplantae	Streptophyta	Magnoliopsida	Malpighiales	Hypericaceae	Hypericum	NA
ASV_140	Viridiplantae	Streptophyta	Magnoliopsida	Fabales	Fabaceae	Lotus	NA
ASV_141	Viridiplantae	Streptophyta	Magnoliopsida	Lamiales	Lamiaceae	Lamium	NA
ASV_142	Viridiplantae	Streptophyta	Magnoliopsida	Ericales	Primulaceae	Primula	veris
ASV_143	Viridiplantae	Streptophyta	Magnoliopsida	Fabales	Fabaceae	Lotus	NA
ASV_144	Viridiplantae	Streptophyta	Magnoliopsida	Ericales	Ericaceae	Erica	NA
ASV_145	Viridiplantae	Streptophyta	Magnoliopsida	Brassicales	Brassicaceae	Erysimum	NA
ASV_146	Viridiplantae	Streptophyta	Magnoliopsida	Boraginales	Boraginaceae	Myosotis	NA
ASV_147	Viridiplantae	Streptophyta	Magnoliopsida	Asterales	Asteraceae	Cirsium	NA
ASV_148	Viridiplantae	Streptophyta	Magnoliopsida	Lamiales	Lamiaceae	Teucrium	NA
ASV_149	Viridiplantae	Streptophyta	Magnoliopsida	Lamiales	Lamiaceae	Lamium	NA
ASV_150	Viridiplantae	Streptophyta	Magnoliopsida	Boraginales	Boraginaceae	Symphytum	NA
ASV_151	Viridiplantae	Streptophyta	Magnoliopsida	Fabales	Fabaceae	Lotus	NA
ASV_152	Viridiplantae	Streptophyta	Magnoliopsida	Ericales	Ericaceae	NA	NA
ASV_153	Viridiplantae	Streptophyta	Magnoliopsida	Fabales	Fabaceae	Lathyrus	NA
ASV_154	Viridiplantae	Streptophyta	Magnoliopsida	Fabales	Fabaceae	Anthyllis	NA
ASV_155	Viridiplantae	Streptophyta	Magnoliopsida	Lamiales	Plantaginaceae	Linaria	NA
ASV_156	Viridiplantae	Streptophyta	Magnoliopsida	Ericales	Ericaceae	Daboecia	NA
ASV_157	Viridiplantae	Streptophyta	Magnoliopsida	Lamiales	Plantaginaceae	Veronica	NA
ASV_158	Viridiplantae	Streptophyta	Magnoliopsida	Boraginales	Boraginaceae	Pulmonaria	NA
ASV_159	Viridiplantae	Streptophyta	Magnoliopsida	Fabales	Fabaceae	Genista	NA
ASV_160	Viridiplantae	Streptophyta	Magnoliopsida	Fabales	Fabaceae	Trifolium	NA
ASV_161	Viridiplantae	Streptophyta	Magnoliopsida	Fabales	Fabaceae	Vicia	NA
ASV_162	Viridiplantae	Streptophyta	Magnoliopsida	Lamiales	Plantaginaceae	Linaria	NA
ASV_163	Viridiplantae	Streptophyta	Magnoliopsida	Lamiales	Orobanchaceae	Lathraea	NA
ASV_164	Viridiplantae	Streptophyta	Magnoliopsida	Fabales	Fabaceae	Lotus	NA
ASV_165	Viridiplantae	Streptophyta	Magnoliopsida	Asterales	Asteraceae	Pilosella	NA
ASV_166	Viridiplantae	Streptophyta	Magnoliopsida	Fabales	Fabaceae	Lotus	NA
ASV_167	Viridiplantae	Streptophyta	Magnoliopsida	Sapindales	Anacardiaceae	Spondias	NA
ASV_168	Viridiplantae	Streptophyta	Magnoliopsida	Fabales	Fabaceae	Anthyllis	NA
ASV_169	Viridiplantae	Streptophyta	Magnoliopsida	Asterales	Asteraceae	Carduus	NA
ASV_170	Viridiplantae	Streptophyta	Magnoliopsida	Asterales	Asteraceae	Taraxacum	NA
ASV_171	Viridiplantae	Streptophyta	Magnoliopsida	Ericales	Ericaceae	Erica	NA
ASV_172	Viridiplantae	Streptophyta	Magnoliopsida	Lamiales	Scrophulariaceae	Scrophularia	NA
ASV_173	Viridiplantae	Streptophyta	Magnoliopsida	Lamiales	Plantaginaceae	Linaria	NA
ASV_174	Viridiplantae	Streptophyta	Magnoliopsida	Fabales	Fabaceae	Lathyrus	NA
ASV_175	Viridiplantae	Streptophyta	Magnoliopsida	Ranunculales	Ranunculaceae	Ranunculus	NA
ASV_176	Viridiplantae	Streptophyta	Magnoliopsida	Fabales	Fabaceae	Lotus	NA
ASV_177	Viridiplantae	Streptophyta	Magnoliopsida	NA	NA	NA	NA
ASV_178	Viridiplantae	Streptophyta	Magnoliopsida	Asterales	Asteraceae	Cirsium	NA
ASV_179	Viridiplantae	Streptophyta	Magnoliopsida	Ericales	Ericaceae	Erica	arborea
ASV_180	Viridiplantae	Streptophyta	Magnoliopsida	Fabales	Fabaceae	Anthyllis	NA
ASV_181	Viridiplantae	Streptophyta	Magnoliopsida	Lamiales	Plantaginaceae	Veronica	NA
ASV_182	Viridiplantae	Streptophyta	Magnoliopsida	Fabales	Fabaceae	Lotus	NA
ASV_183	Viridiplantae	Streptophyta	Magnoliopsida	Lamiales	Plantaginaceae	Linaria	NA
ASV_184	Viridiplantae	Streptophyta	Magnoliopsida	Fabales	Fabaceae	Lathyrus	NA
ASV_185	Viridiplantae	Streptophyta	Magnoliopsida	Saxifragales	Crassulaceae	Sedum	NA
ASV_186	Viridiplantae	Streptophyta	Magnoliopsida	Boraginales	Boraginaceae	Echium	NA
ASV_187	Viridiplantae	Streptophyta	Magnoliopsida	Magnoliales	Magnoliaceae	Liriodendron	NA
ASV_188	Viridiplantae	Streptophyta	Magnoliopsida	Fagales	Fagaceae	Castanea	NA
ASV_189	Viridiplantae	Streptophyta	Magnoliopsida	Asparagales	Amaryllidaceae	Narcissus	NA
ASV_190	Viridiplantae	Streptophyta	Magnoliopsida	Boraginales	Boraginaceae	Echium	NA
ASV_191	Viridiplantae	Streptophyta	Magnoliopsida	Ericales	Ericaceae	NA	NA
ASV_192	Viridiplantae	Streptophyta	Magnoliopsida	Fabales	Fabaceae	Anthyllis	NA
ASV_193	Viridiplantae	Streptophyta	Magnoliopsida	Dioscoreales	Dioscoreaceae	Dioscorea	NA
ASV_194	Viridiplantae	Streptophyta	Magnoliopsida	Boraginales	Boraginaceae	Symphytum	NA
ASV_195	Viridiplantae	Streptophyta	Magnoliopsida	Fabales	Fabaceae	Lotus	NA
ASV_196	Viridiplantae	Streptophyta	Magnoliopsida	Boraginales	Boraginaceae	Glandora	NA
ASV_197	Viridiplantae	Streptophyta	Magnoliopsida	Fabales	Fabaceae	Lotus	NA
ASV_198	Viridiplantae	Streptophyta	Magnoliopsida	Ericales	Ericaceae	Vaccinium	NA
ASV_199	Viridiplantae	Streptophyta	Magnoliopsida	Fabales	Fabaceae	Lotus	NA
ASV_200	Viridiplantae	Streptophyta	Magnoliopsida	Malpighiales	Hypericaceae	Hypericum	NA
ASV_201	Viridiplantae	Streptophyta	Magnoliopsida	Rosales	Urticaceae	Urtica	dioica
ASV_202	Viridiplantae	Streptophyta	Magnoliopsida	Fabales	Fabaceae	Vicia	NA
ASV_203	Viridiplantae	Streptophyta	Magnoliopsida	Fabales	Fabaceae	Lotus	NA
ASV_204	Viridiplantae	Streptophyta	Magnoliopsida	Boraginales	Boraginaceae	Symphytum	NA
ASV_205	Viridiplantae	Streptophyta	Magnoliopsida	Asterales	Asteraceae	Achillea	alpina/millefolium
ASV_206	Viridiplantae	Streptophyta	Magnoliopsida	Asterales	Asteraceae	Bellis	perennis
ASV_207	Viridiplantae	Streptophyta	Magnoliopsida	Asterales	Asteraceae	Taraxacum	NA
ASV_208	Viridiplantae	Streptophyta	Magnoliopsida	Asterales	Asteraceae	Taraxacum	(sect.
ASV_209	Viridiplantae	Streptophyta	Magnoliopsida	Asterales	Asteraceae	Bellis	NA
ASV_210	Viridiplantae	Streptophyta	Magnoliopsida	Lamiales	Plantaginaceae	Globularia	NA
ASV_211	Viridiplantae	Streptophyta	Magnoliopsida	Asterales	Asteraceae	Pilosella	NA
ASV_212	Viridiplantae	Streptophyta	Magnoliopsida	Myrtales	Myrtaceae	Leptospermum	NA
ASV_213	Viridiplantae	Streptophyta	Magnoliopsida	Boraginales	Boraginaceae	Glandora	NA
ASV_214	Viridiplantae	Streptophyta	Magnoliopsida	Geraniales	Geraniaceae	Geranium	NA
ASV_215	Viridiplantae	Streptophyta	Magnoliopsida	Fabales	Fabaceae	Lathyrus	NA
ASV_216	Viridiplantae	Streptophyta	Magnoliopsida	Fabales	Fabaceae	Hippocrepis	NA
ASV_217	Viridiplantae	Streptophyta	Magnoliopsida	Lamiales	Plantaginaceae	Linaria	NA
ASV_218	Viridiplantae	Streptophyta	Magnoliopsida	Fabales	Fabaceae	Ulex	NA
ASV_219	Viridiplantae	Streptophyta	Magnoliopsida	Fabales	Fabaceae	Lotus	NA
ASV_220	Viridiplantae	Streptophyta	Magnoliopsida	Fabales	Fabaceae	Lotus	NA
ASV_221	Viridiplantae	Streptophyta	Magnoliopsida	Lamiales	Lamiaceae	Teucrium	NA
ASV_222	Viridiplantae	Streptophyta	Magnoliopsida	Lamiales	Plantaginaceae	Veronica	NA
ASV_223	Viridiplantae	Streptophyta	Magnoliopsida	Geraniales	Geraniaceae	Erodium	cicutarium
ASV_224	Viridiplantae	Streptophyta	Magnoliopsida	Fabales	Fabaceae	Lotus	NA
ASV_225	Viridiplantae	Streptophyta	Magnoliopsida	Fabales	Fabaceae	Lotus	NA
ASV_226	Viridiplantae	Streptophyta	Magnoliopsida	Brassicales	Brassicaceae	Arabis	NA
ASV_227	Viridiplantae	Streptophyta	Magnoliopsida	Lamiales	Plantaginaceae	Linaria	NA
ASV_228	Viridiplantae	Streptophyta	Magnoliopsida	Asterales	Asteraceae	Carduus	NA
ASV_229	Viridiplantae	Streptophyta	Magnoliopsida	Malpighiales	Violaceae	Viola	NA
ASV_230	Viridiplantae	Streptophyta	Magnoliopsida	Lamiales	Plantaginaceae	Linaria	NA
ASV_231	Viridiplantae	Streptophyta	Magnoliopsida	Malpighiales	Violaceae	Viola	NA
ASV_232	Viridiplantae	Streptophyta	Magnoliopsida	Fabales	Fabaceae	Lotus	NA
ASV_233	Viridiplantae	Streptophyta	Magnoliopsida	Asterales	Asteraceae	Pilosella	NA
ASV_234	Viridiplantae	Streptophyta	Magnoliopsida	Lamiales	Plantaginaceae	Veronica	NA
ASV_235	Viridiplantae	Streptophyta	Magnoliopsida	Ericales	Ericaceae	Erica	NA
ASV_236	Viridiplantae	Streptophyta	Magnoliopsida	Fabales	Fabaceae	Trifolium	NA
ASV_237	Viridiplantae	Streptophyta	Magnoliopsida	Asterales	Campanulaceae	Jasione	NA
ASV_238	Viridiplantae	Streptophyta	Magnoliopsida	Fabales	Fabaceae	Lotus	NA
ASV_239	Viridiplantae	Streptophyta	Magnoliopsida	NA	NA	NA	NA
ASV_240	Viridiplantae	Streptophyta	Magnoliopsida	Asterales	Asteraceae	Leucanthemum	vulgare
ASV_241	Viridiplantae	Streptophyta	Magnoliopsida	Fabales	Fabaceae	Trifolium	NA
ASV_242	Viridiplantae	Streptophyta	Magnoliopsida	Lamiales	Plantaginaceae	Linaria	NA
ASV_243	Viridiplantae	Streptophyta	Magnoliopsida	NA	NA	NA	NA
ASV_244	Viridiplantae	Streptophyta	Magnoliopsida	Fabales	Fabaceae	Trifolium	NA
ASV_245	Viridiplantae	Streptophyta	Magnoliopsida	Fabales	Fabaceae	Lotus	NA
ASV_246	Viridiplantae	Streptophyta	Magnoliopsida	Fabales	Fabaceae	Lotus	NA
ASV_247	Viridiplantae	Streptophyta	Magnoliopsida	Fabales	Fabaceae	Lotus	NA
ASV_248	Viridiplantae	Streptophyta	Magnoliopsida	Lamiales	Plantaginaceae	NA	NA
ASV_249	Viridiplantae	Streptophyta	Magnoliopsida	Lamiales	Plantaginaceae	Plantago	NA
ASV_250	Viridiplantae	Streptophyta	Magnoliopsida	Fabales	Fabaceae	Lotus	NA
ASV_251	Viridiplantae	Streptophyta	Magnoliopsida	Ranunculales	Ranunculaceae	Anemone	NA
ASV_252	Viridiplantae	Streptophyta	Magnoliopsida	Fagales	Fagaceae	Quercus	NA
ASV_253	Viridiplantae	Streptophyta	Magnoliopsida	Poales	Poaceae	Lolium	perenne/temulentum
ASV_254	Viridiplantae	Streptophyta	Magnoliopsida	Fabales	Fabaceae	Lathyrus	pratensis
ASV_255	Viridiplantae	Streptophyta	Magnoliopsida	Fabales	Fabaceae	Lotus	NA
ASV_256	Viridiplantae	Streptophyta	Magnoliopsida	Fabales	Fabaceae	Genista	NA
ASV_257	Viridiplantae	Streptophyta	Magnoliopsida	Lamiales	Scrophulariaceae	Scrophularia	NA
ASV_258	Viridiplantae	Streptophyta	Magnoliopsida	Fabales	Fabaceae	Anthyllis	NA
ASV_259	Viridiplantae	Streptophyta	Magnoliopsida	Fabales	Fabaceae	Anthyllis	NA
ASV_260	Viridiplantae	Streptophyta	Magnoliopsida	Poales	Poaceae	Spartina	NA
ASV_261	Viridiplantae	Streptophyta	Magnoliopsida	Fagales	Fagaceae	Fagus	NA
ASV_262	Viridiplantae	Streptophyta	Magnoliopsida	Rosales	Rosaceae	Rosa	eglanteria/environmental/glauca
ASV_263	Viridiplantae	Streptophyta	Magnoliopsida	Lamiales	Plantaginaceae	Linaria	NA
ASV_264	Viridiplantae	Streptophyta	Magnoliopsida	Fabales	Fabaceae	Lotus	NA
ASV_265	Viridiplantae	Streptophyta	Magnoliopsida	Apiales	Apiaceae	Chaerophyllum	NA
ASV_266	Viridiplantae	Streptophyta	Magnoliopsida	Dioscoreales	Dioscoreaceae	Dioscorea	NA
ASV_267	Viridiplantae	Streptophyta	Magnoliopsida	Ranunculales	Ranunculaceae	Caltha	NA
ASV_268	Viridiplantae	Streptophyta	Magnoliopsida	Ericales	Ericaceae	NA	NA
ASV_269	Viridiplantae	Streptophyta	Magnoliopsida	Fagales	Nothofagaceae	Fuscospora	NA
ASV_270	Viridiplantae	Streptophyta	Magnoliopsida	NA	NA	NA	NA
ASV_271	Viridiplantae	Streptophyta	Magnoliopsida	Dioscoreales	Dioscoreaceae	Dioscorea	NA
ASV_272	Viridiplantae	Streptophyta	Magnoliopsida	Poales	Poaceae	Brachypodium	NA
ASV_273	Viridiplantae	Streptophyta	Magnoliopsida	Boraginales	Boraginaceae	Glandora	NA
ASV_274	Viridiplantae	Streptophyta	Magnoliopsida	Ericales	Ericaceae	Erica	NA
ASV_275	Viridiplantae	Streptophyta	Magnoliopsida	Rosales	Rosaceae	Prunus	NA
ASV_276	Viridiplantae	Streptophyta	Magnoliopsida	Dioscoreales	Dioscoreaceae	Dioscorea	NA
ASV_277	Viridiplantae	Streptophyta	Magnoliopsida	Fabales	Fabaceae	Lotus	NA
ASV_278	Viridiplantae	Streptophyta	Magnoliopsida	Ericales	Ericaceae	Vaccinium	NA
ASV_279	Viridiplantae	Streptophyta	Magnoliopsida	Ranunculales	Ranunculaceae	Helleborus	NA
ASV_280	Viridiplantae	Streptophyta	Magnoliopsida	Fagales	Betulaceae	Betula	NA
ASV_281	Viridiplantae	Streptophyta	Magnoliopsida	Fabales	Fabaceae	Lotus	NA
ASV_282	Viridiplantae	Streptophyta	Magnoliopsida	Apiales	Apiaceae	NA	NA
ASV_283	Viridiplantae	Streptophyta	Magnoliopsida	Lamiales	Plantaginaceae	Plantago	NA
ASV_284	Viridiplantae	Streptophyta	Magnoliopsida	Ericales	Ericaceae	Daboecia	NA
ASV_285	Viridiplantae	Streptophyta	Magnoliopsida	Aquifoliales	Aquifoliaceae	Ilex	aquifolium
ASV_286	Viridiplantae	Streptophyta	Magnoliopsida	Fabales	Fabaceae	Lotus	NA
ASV_287	Viridiplantae	Streptophyta	Magnoliopsida	Fabales	Fabaceae	Vicia	NA
ASV_288	Viridiplantae	Streptophyta	Magnoliopsida	Brassicales	Brassicaceae	Brassica	carinata/oleracea
ASV_289	Viridiplantae	Streptophyta	Magnoliopsida	Saxifragales	Saxifragaceae	Chrysosplenium	NA
ASV_290	Viridiplantae	Streptophyta	Magnoliopsida	Fabales	Fabaceae	Lotus	NA
ASV_291	Viridiplantae	Streptophyta	Magnoliopsida	Fabales	Fabaceae	Trifolium	NA
ASV_292	Viridiplantae	Streptophyta	Magnoliopsida	Lamiales	Lamiaceae	Prunella	NA
ASV_293	Viridiplantae	Streptophyta	Magnoliopsida	Ericales	Ericaceae	Vaccinium	NA
ASV_294	Viridiplantae	Streptophyta	Magnoliopsida	Fabales	Fabaceae	NA	NA
ASV_295	Viridiplantae	Streptophyta	Magnoliopsida	NA	NA	NA	NA
ASV_296	Viridiplantae	Streptophyta	Magnoliopsida	Ericales	Ericaceae	Vaccinium	NA
ASV_297	Viridiplantae	Streptophyta	Magnoliopsida	NA	NA	NA	NA
ASV_298	Viridiplantae	Streptophyta	Magnoliopsida	Fabales	Fabaceae	Lotus	NA
ASV_299	Viridiplantae	Streptophyta	Magnoliopsida	Caryophyllales	Polygonaceae	Pleuropterus	NA
ASV_300	Viridiplantae	Streptophyta	Magnoliopsida	Rosales	Rosaceae	NA	NA
ASV_301	Viridiplantae	Streptophyta	Magnoliopsida	Rosales	Rhamnaceae	Adolphia	NA
ASV_302	Viridiplantae	Streptophyta	Magnoliopsida	Fabales	Fabaceae	Lotus	NA
ASV_303	Viridiplantae	Streptophyta	Magnoliopsida	Fabales	Fabaceae	Anthyllis	NA
ASV_304	Viridiplantae	Streptophyta	Magnoliopsida	Asterales	Asteraceae	Cirsium	NA
ASV_305	Viridiplantae	Streptophyta	Magnoliopsida	Fabales	Fabaceae	Lotus	NA
ASV_306	Viridiplantae	Streptophyta	Magnoliopsida	Asterales	Asteraceae	NA	NA
ASV_307	Viridiplantae	Streptophyta	Magnoliopsida	Asterales	Asteraceae	Leontodon	saxatilis
ASV_308	Viridiplantae	Streptophyta	Magnoliopsida	Ericales	Ericaceae	NA	NA
ASV_309	Viridiplantae	Streptophyta	Magnoliopsida	Poales	Poaceae	Triticum	aestivum/sp./turgidum
ASV_310	Viridiplantae	Streptophyta	Magnoliopsida	Fabales	Fabaceae	Lotus	NA
ASV_311	Viridiplantae	Streptophyta	Magnoliopsida	Fabales	Fabaceae	Lathyrus	NA
ASV_312	Viridiplantae	Streptophyta	Magnoliopsida	Lamiales	Orobanchaceae	NA	NA
ASV_313	Viridiplantae	Streptophyta	Magnoliopsida	Fabales	Fabaceae	Lotus	NA
ASV_314	Viridiplantae	Streptophyta	Magnoliopsida	Boraginales	Boraginaceae	Glandora	NA
ASV_315	Viridiplantae	Streptophyta	Magnoliopsida	Apiales	Apiaceae	Chaerophyllum	NA
ASV_316	Viridiplantae	Streptophyta	Magnoliopsida	Fabales	Fabaceae	Lotus	NA
ASV_317	Viridiplantae	Streptophyta	Magnoliopsida	Fabales	Fabaceae	Trifolium	NA
ASV_318	Viridiplantae	Streptophyta	Magnoliopsida	NA	NA	NA	NA
ASV_319	Viridiplantae	Streptophyta	Magnoliopsida	Ericales	Ericaceae	Erica	NA
ASV_320	Viridiplantae	Streptophyta	Magnoliopsida	Fabales	Fabaceae	Trifolium	NA
ASV_321	Viridiplantae	Streptophyta	Magnoliopsida	Apiales	Apiaceae	Tornabenea	NA
ASV_322	Viridiplantae	Streptophyta	Magnoliopsida	Ranunculales	Ranunculaceae	Helleborus	NA
ASV_323	Viridiplantae	Streptophyta	Magnoliopsida	Dioscoreales	Dioscoreaceae	Dioscorea	NA
ASV_324	Viridiplantae	Streptophyta	Magnoliopsida	Fabales	Fabaceae	Trifolium	NA
ASV_325	Viridiplantae	Streptophyta	Magnoliopsida	Fabales	Fabaceae	Vicia	NA
ASV_326	Viridiplantae	Streptophyta	Magnoliopsida	Ericales	Ericaceae	Vaccinium	NA
ASV_327	Viridiplantae	Streptophyta	Magnoliopsida	Fabales	Fabaceae	Lotus	NA
ASV_328	Viridiplantae	Streptophyta	Magnoliopsida	NA	NA	NA	NA
ASV_329	Viridiplantae	Streptophyta	Magnoliopsida	Fabales	Fabaceae	Vicia	NA
ASV_330	Viridiplantae	Streptophyta	Magnoliopsida	Fabales	Fabaceae	Trifolium	NA
ASV_331	Viridiplantae	Streptophyta	Magnoliopsida	Lamiales	Scrophulariaceae	Scrophularia	NA
ASV_332	Viridiplantae	Streptophyta	Magnoliopsida	Lamiales	Plantaginaceae	Veronica	NA
ASV_333	Viridiplantae	Streptophyta	Magnoliopsida	Asterales	Asteraceae	Pilosella	NA
ASV_334	Viridiplantae	Streptophyta	Magnoliopsida	Fabales	Fabaceae	Lotus	NA
ASV_335	Viridiplantae	Streptophyta	Magnoliopsida	Malpighiales	Violaceae	Viola	NA
ASV_336	Viridiplantae	Streptophyta	Magnoliopsida	Rosales	Rosaceae	Rosa	NA
ASV_337	Viridiplantae	Streptophyta	Magnoliopsida	Boraginales	Boraginaceae	Echium	NA
ASV_338	Viridiplantae	Streptophyta	Magnoliopsida	Boraginales	Boraginaceae	Pulmonaria	NA
ASV_339	Viridiplantae	Streptophyta	Magnoliopsida	Malpighiales	Violaceae	Viola	NA
ASV_340	Viridiplantae	Streptophyta	Magnoliopsida	Fabales	Fabaceae	Lotus	NA
ASV_341	Viridiplantae	Streptophyta	Magnoliopsida	Asterales	Asteraceae	Cirsium	NA
ASV_342	Viridiplantae	Streptophyta	Magnoliopsida	Poales	Poaceae	Spartina	NA
ASV_343	Viridiplantae	Streptophyta	Magnoliopsida	Ranunculales	Ranunculaceae	Anemone	NA
ASV_344	Viridiplantae	Streptophyta	Magnoliopsida	Malvales	Malvaceae	Heritiera	NA
ASV_345	Viridiplantae	Streptophyta	Magnoliopsida	Caryophyllales	Polygonaceae	Pleuropterus	NA
ASV_346	Viridiplantae	Streptophyta	Magnoliopsida	NA	NA	NA	NA
ASV_347	Viridiplantae	Streptophyta	Magnoliopsida	Ericales	Ericaceae	Vaccinium	NA
ASV_348	Viridiplantae	Streptophyta	Magnoliopsida	Lamiales	Plantaginaceae	Linaria	NA
ASV_349	Viridiplantae	Streptophyta	Magnoliopsida	Ericales	Ericaceae	NA	NA
ASV_350	Viridiplantae	Streptophyta	Magnoliopsida	Lamiales	Orobanchaceae	Rhinanthus	NA
ASV_351	Viridiplantae	Streptophyta	Magnoliopsida	NA	NA	NA	NA
ASV_352	Viridiplantae	Streptophyta	Magnoliopsida	Ericales	Ericaceae	Erica	NA
ASV_353	Viridiplantae	Streptophyta	Magnoliopsida	Fabales	Fabaceae	Lotus	NA
ASV_354	Viridiplantae	Streptophyta	Magnoliopsida	Fabales	Fabaceae	Lotus	NA
ASV_355	Viridiplantae	Streptophyta	Magnoliopsida	Lamiales	NA	NA	NA
ASV_356	Viridiplantae	Streptophyta	Magnoliopsida	NA	NA	NA	NA
ASV_357	Viridiplantae	Streptophyta	Magnoliopsida	Fabales	Fabaceae	Lotus	NA
ASV_358	Viridiplantae	Streptophyta	Magnoliopsida	Fabales	Fabaceae	Lotus	NA
ASV_359	Viridiplantae	Streptophyta	Magnoliopsida	Ericales	Ericaceae	NA	NA
ASV_360	Viridiplantae	Streptophyta	Magnoliopsida	Ericales	Ericaceae	Vaccinium	NA
ASV_361	Viridiplantae	Streptophyta	Magnoliopsida	Brassicales	Brassicaceae	Pritzelago	NA
ASV_362	Viridiplantae	Streptophyta	Magnoliopsida	Fabales	Fabaceae	Lotus	NA
ASV_363	Viridiplantae	Streptophyta	Magnoliopsida	Sapindales	Anacardiaceae	Spondias	NA
ASV_364	Viridiplantae	Streptophyta	Magnoliopsida	Fabales	Fabaceae	Lotus	NA
ASV_365	Viridiplantae	Streptophyta	Magnoliopsida	Fabales	Fabaceae	Vicia	NA
ASV_366	Viridiplantae	Streptophyta	Magnoliopsida	NA	NA	NA	NA
ASV_367	Viridiplantae	Streptophyta	Magnoliopsida	Asterales	Asteraceae	Achillea	NA
ASV_368	Viridiplantae	Streptophyta	Magnoliopsida	Dioscoreales	Dioscoreaceae	Dioscorea	NA
ASV_369	Viridiplantae	Streptophyta	Magnoliopsida	Fabales	Fabaceae	Lotus	NA
ASV_370	Viridiplantae	Streptophyta	Magnoliopsida	Fabales	Fabaceae	Lotus	NA
ASV_371	Viridiplantae	Streptophyta	Magnoliopsida	Boraginales	Boraginaceae	Myosotis	NA
ASV_372	Viridiplantae	Streptophyta	Magnoliopsida	NA	NA	NA	NA
ASV_373	Viridiplantae	Streptophyta	Magnoliopsida	Asparagales	Amaryllidaceae	Allium	cepa
ASV_374	Viridiplantae	Streptophyta	Magnoliopsida	Fabales	Fabaceae	Lotus	NA
ASV_375	Viridiplantae	Streptophyta	Magnoliopsida	Fabales	Fabaceae	Lotus	NA
ASV_376	Viridiplantae	Streptophyta	Magnoliopsida	Asterales	Asteraceae	Tragopogon	NA
ASV_377	Viridiplantae	Streptophyta	Magnoliopsida	Fabales	Fabaceae	Lotus	NA
ASV_378	Viridiplantae	Streptophyta	Magnoliopsida	Fabales	Fabaceae	Lotus	NA
ASV_379	Viridiplantae	Streptophyta	Magnoliopsida	NA	NA	NA	NA
ASV_380	Viridiplantae	Streptophyta	Magnoliopsida	Fabales	Fabaceae	Trifolium	NA
ASV_381	Viridiplantae	Streptophyta	Magnoliopsida	Fabales	Fabaceae	Lotus	NA
ASV_382	Viridiplantae	Streptophyta	Magnoliopsida	Asterales	Asteraceae	Achillea	NA
ASV_383	Viridiplantae	Streptophyta	Magnoliopsida	Boraginales	Boraginaceae	Glandora	NA
ASV_384	Viridiplantae	Streptophyta	Magnoliopsida	Lamiales	Orobanchaceae	Brandisia	NA
ASV_385	Viridiplantae	Streptophyta	Magnoliopsida	Asterales	Asteraceae	Cirsium	NA
ASV_386	Viridiplantae	Streptophyta	Magnoliopsida	Dioscoreales	Dioscoreaceae	Dioscorea	NA
ASV_387	Viridiplantae	Streptophyta	Magnoliopsida	Fabales	Fabaceae	Vicia	NA
ASV_388	Viridiplantae	Streptophyta	Magnoliopsida	Fabales	Fabaceae	Lotus	NA
ASV_389	Viridiplantae	Streptophyta	Magnoliopsida	Fabales	Fabaceae	Lotus	NA
ASV_390	Viridiplantae	Streptophyta	Magnoliopsida	Asterales	Asteraceae	Carduus	NA
ASV_391	Viridiplantae	Streptophyta	Magnoliopsida	Asterales	Asteraceae	Silybum	NA
ASV_392	Viridiplantae	Streptophyta	Magnoliopsida	Asterales	Asteraceae	Achillea	NA
ASV_393	Viridiplantae	Streptophyta	Magnoliopsida	Ericales	Ericaceae	Erica	NA
ASV_394	Viridiplantae	Streptophyta	Magnoliopsida	Ranunculales	Ranunculaceae	Helleborus	NA
ASV_395	Viridiplantae	Streptophyta	Magnoliopsida	Poales	Poaceae	Spartina	NA
ASV_396	Viridiplantae	Streptophyta	Magnoliopsida	Lamiales	Plantaginaceae	Veronica	NA
ASV_397	Viridiplantae	Streptophyta	Magnoliopsida	Ericales	Ericaceae	Vaccinium	NA
ASV_398	Viridiplantae	Streptophyta	Magnoliopsida	Malvales	Malvaceae	Abelmoschus	NA
ASV_399	Viridiplantae	Streptophyta	Magnoliopsida	Lamiales	Plantaginaceae	Veronica	NA
ASV_400	Viridiplantae	Streptophyta	Magnoliopsida	Asterales	Asteraceae	Cirsium	NA
ASV_401	Viridiplantae	Streptophyta	Magnoliopsida	Cucurbitales	Cucurbitaceae	Cucumis	NA
ASV_402	Viridiplantae	Streptophyta	Magnoliopsida	Asterales	Asteraceae	Achillea	NA
ASV_403	Viridiplantae	Streptophyta	Magnoliopsida	Fabales	Fabaceae	Vicia	NA
ASV_404	Viridiplantae	Streptophyta	Magnoliopsida	Fabales	Fabaceae	Lotus	NA
ASV_405	Viridiplantae	Streptophyta	Magnoliopsida	Asterales	Asteraceae	Taraxacum	NA
ASV_406	Viridiplantae	Streptophyta	Magnoliopsida	Lamiales	Plantaginaceae	Plantago	NA
ASV_407	Viridiplantae	Streptophyta	Magnoliopsida	Asterales	Asteraceae	Carduus	NA
ASV_408	Viridiplantae	Streptophyta	Magnoliopsida	Lamiales	Plantaginaceae	Veronica	chamaedrys
ASV_409	Viridiplantae	Streptophyta	Magnoliopsida	Fabales	Fabaceae	Lotus	NA
ASV_410	Viridiplantae	Streptophyta	Magnoliopsida	Fabales	Fabaceae	Lotus	NA
ASV_411	Viridiplantae	Streptophyta	Magnoliopsida	NA	NA	NA	NA
ASV_412	Viridiplantae	Streptophyta	Magnoliopsida	Ericales	Ericaceae	Daboecia	NA
ASV_413	Viridiplantae	Streptophyta	Magnoliopsida	Lamiales	Plantaginaceae	NA	NA
ASV_414	Viridiplantae	Streptophyta	Magnoliopsida	Malpighiales	Linaceae	Linum	catharticum
ASV_415	Viridiplantae	Streptophyta	Magnoliopsida	Fabales	Fabaceae	Lotus	NA
ASV_416	Viridiplantae	Streptophyta	Magnoliopsida	Fabales	Fabaceae	Lotus	NA
ASV_417	Viridiplantae	Streptophyta	Magnoliopsida	Asterales	Asteraceae	Achillea	NA
ASV_418	Viridiplantae	Streptophyta	Magnoliopsida	Fabales	Polygalaceae	Polygala	NA
ASV_419	Viridiplantae	Streptophyta	Magnoliopsida	Lamiales	Plantaginaceae	Veronica	NA
ASV_420	Viridiplantae	Streptophyta	Magnoliopsida	Malpighiales	Violaceae	Viola	NA
ASV_421	Viridiplantae	Streptophyta	Magnoliopsida	Fabales	Fabaceae	NA	NA
ASV_422	Viridiplantae	Streptophyta	Magnoliopsida	Fabales	Fabaceae	Lotus	NA
ASV_423	Viridiplantae	Streptophyta	Magnoliopsida	Fabales	Fabaceae	Lotus	NA
ASV_424	Viridiplantae	Streptophyta	Magnoliopsida	NA	NA	NA	NA
ASV_425	Viridiplantae	Streptophyta	Magnoliopsida	Fabales	Fabaceae	Lotus	NA
ASV_426	Viridiplantae	Streptophyta	Magnoliopsida	Apiales	Apiaceae	Eryngium	NA
ASV_427	Viridiplantae	Streptophyta	Magnoliopsida	Lamiales	Lamiaceae	Teucrium	NA
ASV_428	Viridiplantae	Streptophyta	Magnoliopsida	Lamiales	Plantaginaceae	Plantago	NA
ASV_429	Viridiplantae	Streptophyta	Magnoliopsida	Caryophyllales	Polygonaceae	Pleuropterus	NA
ASV_430	Viridiplantae	Streptophyta	Magnoliopsida	Asterales	Asteraceae	Leontodon	NA
ASV_431	Viridiplantae	Streptophyta	Magnoliopsida	Asterales	Asteraceae	Bellis	NA
ASV_432	Viridiplantae	Streptophyta	Magnoliopsida	Lamiales	Plantaginaceae	Veronica	NA
ASV_433	Viridiplantae	Streptophyta	Magnoliopsida	Brassicales	Brassicaceae	Cardamine	NA
ASV_434	Viridiplantae	Streptophyta	Magnoliopsida	Asterales	Asteraceae	Carduus	NA
ASV_435	Viridiplantae	Streptophyta	Magnoliopsida	Fabales	Fabaceae	Lotus	NA
ASV_436	Viridiplantae	Streptophyta	Magnoliopsida	Lamiales	Plantaginaceae	Veronica	NA
ASV_437	Viridiplantae	Streptophyta	Magnoliopsida	Fabales	Fabaceae	Lotus	NA
ASV_438	Viridiplantae	Streptophyta	Magnoliopsida	Asterales	Asteraceae	Leontodon	NA
ASV_439	Viridiplantae	Streptophyta	Magnoliopsida	Asterales	Asteraceae	Cirsium	NA
ASV_440	Viridiplantae	Streptophyta	Magnoliopsida	Asparagales	Amaryllidaceae	Narcissus	NA
ASV_441	Viridiplantae	Streptophyta	Magnoliopsida	Ranunculales	Ranunculaceae	Helleborus	NA
ASV_442	Viridiplantae	Streptophyta	Magnoliopsida	Fabales	Fabaceae	NA	NA
ASV_443	Viridiplantae	Streptophyta	Magnoliopsida	Lamiales	Plantaginaceae	Veronica	NA
ASV_444	Viridiplantae	Streptophyta	Magnoliopsida	Asterales	Asteraceae	Hypochaeris	NA
ASV_445	Viridiplantae	Streptophyta	Magnoliopsida	Fabales	Fabaceae	Lotus	NA
ASV_446	Viridiplantae	Streptophyta	Magnoliopsida	Fabales	Fabaceae	Trifolium	NA
ASV_447	Viridiplantae	Streptophyta	Magnoliopsida	Lamiales	NA	NA	NA
ASV_448	Viridiplantae	Streptophyta	Magnoliopsida	Lamiales	Orobanchaceae	Pedicularis	NA
ASV_449	Viridiplantae	Streptophyta	Magnoliopsida	Fabales	Fabaceae	Lotus	NA
ASV_450	Viridiplantae	Streptophyta	Magnoliopsida	NA	NA	NA	NA
ASV_451	Viridiplantae	Streptophyta	Magnoliopsida	Myrtales	Myrtaceae	Leptospermum	NA
ASV_452	Viridiplantae	Streptophyta	Magnoliopsida	Lamiales	Plantaginaceae	Veronica	NA
ASV_453	Viridiplantae	Streptophyta	Magnoliopsida	Ranunculales	Ranunculaceae	Caltha	NA
ASV_454	Viridiplantae	Streptophyta	Magnoliopsida	Asterales	Asteraceae	Bellis	NA
ASV_455	Viridiplantae	Streptophyta	Magnoliopsida	Lamiales	Plantaginaceae	NA	NA
ASV_456	Viridiplantae	Streptophyta	Magnoliopsida	Rosales	Rosaceae	Potentilla	NA
ASV_457	Viridiplantae	Streptophyta	Magnoliopsida	NA	NA	NA	NA
ASV_458	Viridiplantae	Streptophyta	Magnoliopsida	Boraginales	Boraginaceae	Symphytum	NA
ASV_459	Viridiplantae	Streptophyta	Magnoliopsida	Lamiales	Plantaginaceae	Linaria	NA
ASV_460	Viridiplantae	Streptophyta	Magnoliopsida	Lamiales	Plantaginaceae	Plantago	NA
ASV_461	Viridiplantae	Streptophyta	Magnoliopsida	Fabales	Fabaceae	NA	NA
ASV_462	Viridiplantae	Streptophyta	Magnoliopsida	NA	NA	NA	NA
ASV_463	Viridiplantae	Streptophyta	Magnoliopsida	Lamiales	Plantaginaceae	Digitalis	NA
ASV_464	Viridiplantae	Streptophyta	Magnoliopsida	NA	NA	NA	NA
ASV_465	Viridiplantae	Streptophyta	Magnoliopsida	Dioscoreales	Dioscoreaceae	Dioscorea	NA
ASV_466	Viridiplantae	Streptophyta	Magnoliopsida	Fabales	Fabaceae	Lotus	NA
ASV_467	Viridiplantae	Streptophyta	Magnoliopsida	Fagales	Betulaceae	Alnus	NA
ASV_468	Viridiplantae	Streptophyta	Magnoliopsida	Myrtales	Myrtaceae	Leptospermum	NA
ASV_469	Viridiplantae	Streptophyta	Magnoliopsida	NA	NA	NA	NA
ASV_470	Viridiplantae	Streptophyta	Magnoliopsida	Fabales	Fabaceae	Lathyrus	NA
ASV_471	Viridiplantae	Streptophyta	Magnoliopsida	Brassicales	Brassicaceae	Cardamine	NA
ASV_472	Viridiplantae	Streptophyta	Magnoliopsida	Lamiales	Plantaginaceae	Plantago	NA
ASV_473	Viridiplantae	Streptophyta	Magnoliopsida	Apiales	Araliaceae	Pseudopanax	NA
ASV_474	Viridiplantae	Streptophyta	Magnoliopsida	Asterales	Asteraceae	Cirsium	NA
ASV_475	Viridiplantae	Streptophyta	Magnoliopsida	Saxifragales	Crassulaceae	Sedum	NA
ASV_476	Viridiplantae	Streptophyta	Magnoliopsida	Fabales	Fabaceae	Lotus	NA
ASV_477	Viridiplantae	Streptophyta	Magnoliopsida	Lamiales	Plantaginaceae	NA	NA
ASV_478	Viridiplantae	Streptophyta	Magnoliopsida	Ericales	Ericaceae	Dracophyllum	NA
ASV_479	Viridiplantae	Streptophyta	Magnoliopsida	Lamiales	Lamiaceae	Ajuga	NA
ASV_480	Viridiplantae	Streptophyta	Magnoliopsida	NA	NA	NA	NA
ASV_481	Viridiplantae	Streptophyta	Magnoliopsida	Dioscoreales	Dioscoreaceae	Dioscorea	NA
ASV_482	Viridiplantae	Streptophyta	Magnoliopsida	Fabales	Fabaceae	Lotus	NA
ASV_483	Viridiplantae	Streptophyta	Magnoliopsida	Asterales	Asteraceae	Leontodon	saxatilis
ASV_484	Viridiplantae	Streptophyta	Magnoliopsida	Fabales	Fabaceae	Trifolium	NA
ASV_485	Viridiplantae	Streptophyta	Magnoliopsida	Fabales	Fabaceae	Trifolium	NA
ASV_486	Viridiplantae	Streptophyta	Magnoliopsida	Fabales	Fabaceae	Lotus	NA
ASV_487	Viridiplantae	Streptophyta	Magnoliopsida	Proteales	Platanaceae	Platanus	x
ASV_488	Viridiplantae	Streptophyta	Magnoliopsida	Ranunculales	Ranunculaceae	Helleborus	NA
ASV_489	Viridiplantae	Streptophyta	Magnoliopsida	Rosales	Rosaceae	Potentilla	NA
ASV_490	Viridiplantae	Streptophyta	Magnoliopsida	Fabales	Fabaceae	Lotus	NA
ASV_491	Viridiplantae	Streptophyta	Magnoliopsida	Asparagales	Amaryllidaceae	Allium	NA
ASV_492	Viridiplantae	Streptophyta	Magnoliopsida	NA	NA	NA	NA
ASV_493	Viridiplantae	Streptophyta	Magnoliopsida	Asterales	Asteraceae	Achillea	NA
ASV_494	Viridiplantae	Streptophyta	Magnoliopsida	Fabales	Fabaceae	Lotus	NA
ASV_495	Viridiplantae	Streptophyta	Magnoliopsida	Fabales	Fabaceae	NA	NA
ASV_496	Viridiplantae	Streptophyta	Magnoliopsida	Fabales	Fabaceae	Lotus	NA
ASV_497	Viridiplantae	Streptophyta	Magnoliopsida	Boraginales	Boraginaceae	Symphytum	NA
ASV_498	Viridiplantae	Streptophyta	Magnoliopsida	Fabales	Fabaceae	Lotus	NA
ASV_499	Viridiplantae	Streptophyta	Magnoliopsida	Sapindales	Anacardiaceae	Spondias	NA
ASV_500	Viridiplantae	Streptophyta	Magnoliopsida	Fabales	Fabaceae	Lotus	NA
ASV_501	Viridiplantae	Streptophyta	Magnoliopsida	Fabales	Fabaceae	Lotus	NA
ASV_502	Viridiplantae	Streptophyta	Magnoliopsida	Lamiales	Lamiaceae	Teucrium	NA
ASV_503	Viridiplantae	Streptophyta	Magnoliopsida	Ranunculales	Ranunculaceae	Coptidium	NA
ASV_504	Viridiplantae	Streptophyta	Magnoliopsida	Ranunculales	Ranunculaceae	Helleborus	NA
ASV_505	Viridiplantae	Streptophyta	Magnoliopsida	Ericales	Ericaceae	Erica	australis
ASV_506	Viridiplantae	Streptophyta	Magnoliopsida	Fabales	Fabaceae	Lathyrus	NA
ASV_507	Viridiplantae	Streptophyta	Magnoliopsida	Lamiales	Orobanchaceae	Pedicularis	NA
ASV_508	Viridiplantae	Streptophyta	Magnoliopsida	Fabales	Fabaceae	Trifolium	NA
ASV_509	Viridiplantae	Streptophyta	Magnoliopsida	Fabales	Fabaceae	Vicia	NA
ASV_510	Viridiplantae	Streptophyta	Magnoliopsida	Asterales	Asteraceae	Pleurophyllum	NA
ASV_511	Viridiplantae	Streptophyta	Magnoliopsida	NA	NA	NA	NA
ASV_512	Viridiplantae	Streptophyta	Magnoliopsida	Fabales	Fabaceae	Trifolium	NA
ASV_513	Viridiplantae	Streptophyta	Magnoliopsida	Fabales	Fabaceae	Trifolium	NA
ASV_514	Viridiplantae	Streptophyta	Magnoliopsida	Asterales	Asteraceae	NA	NA
ASV_515	Viridiplantae	Streptophyta	Magnoliopsida	Lamiales	Plantaginaceae	Plantago	NA
ASV_516	Viridiplantae	Streptophyta	Magnoliopsida	Fabales	Fabaceae	Lotus	NA
ASV_517	Viridiplantae	Streptophyta	Magnoliopsida	NA	NA	NA	NA
ASV_518	Viridiplantae	Streptophyta	Magnoliopsida	Lamiales	Plantaginaceae	Veronica	NA
ASV_519	Viridiplantae	Streptophyta	Magnoliopsida	Dioscoreales	Dioscoreaceae	Dioscorea	NA
ASV_520	Viridiplantae	Streptophyta	Magnoliopsida	NA	NA	NA	NA
ASV_521	Viridiplantae	Streptophyta	Magnoliopsida	Asterales	Campanulaceae	Jasione	NA
ASV_522	Viridiplantae	Streptophyta	Magnoliopsida	NA	NA	NA	NA
ASV_523	Viridiplantae	Streptophyta	Magnoliopsida	NA	NA	NA	NA
ASV_524	Viridiplantae	Streptophyta	Magnoliopsida	Fabales	Fabaceae	Lotus	NA
ASV_525	Viridiplantae	Streptophyta	Magnoliopsida	Asterales	Asteraceae	Taraxacum	NA
ASV_526	Viridiplantae	Streptophyta	Magnoliopsida	Fabales	Fabaceae	Trifolium	NA
ASV_527	Viridiplantae	Streptophyta	Magnoliopsida	Poales	Poaceae	Molinia	caerulea
ASV_528	Viridiplantae	Streptophyta	Magnoliopsida	Lamiales	Plantaginaceae	Veronica	NA
ASV_529	Viridiplantae	Streptophyta	Magnoliopsida	Lamiales	Plantaginaceae	Plantago	NA
ASV_530	Viridiplantae	Streptophyta	Magnoliopsida	Fabales	Fabaceae	Lathyrus	NA
ASV_531	Viridiplantae	Streptophyta	Magnoliopsida	Asterales	Asteraceae	Hieracium	NA
ASV_532	Viridiplantae	Streptophyta	Magnoliopsida	Lamiales	Orobanchaceae	Rhinanthus	NA
ASV_533	Viridiplantae	Streptophyta	Magnoliopsida	Dioscoreales	Dioscoreaceae	Dioscorea	NA
ASV_534	Viridiplantae	Streptophyta	Magnoliopsida	Asterales	Asteraceae	NA	NA
ASV_535	Viridiplantae	Streptophyta	Magnoliopsida	Ericales	Ericaceae	NA	NA
ASV_536	Viridiplantae	Streptophyta	Magnoliopsida	Boraginales	Boraginaceae	Symphytum	NA
ASV_537	Viridiplantae	Streptophyta	Magnoliopsida	Malvales	Malvaceae	Gossypium	NA
ASV_538	Viridiplantae	Streptophyta	Magnoliopsida	Fabales	Fabaceae	Lotus	NA
ASV_539	Viridiplantae	Streptophyta	Magnoliopsida	Asterales	Asteraceae	Achillea	NA
ASV_540	Viridiplantae	Streptophyta	Magnoliopsida	Boraginales	Boraginaceae	Aegonychon	NA
ASV_541	Viridiplantae	Streptophyta	Magnoliopsida	Lamiales	Plantaginaceae	Veronica	NA
ASV_542	Viridiplantae	Streptophyta	Magnoliopsida	Lamiales	Lamiaceae	Thymus	NA
ASV_543	Viridiplantae	Streptophyta	Magnoliopsida	Rosales	Rhamnaceae	Adolphia	NA
ASV_544	Viridiplantae	Streptophyta	Magnoliopsida	Ranunculales	Ranunculaceae	Helleborus	NA
ASV_545	Viridiplantae	Streptophyta	Magnoliopsida	NA	NA	NA	NA
ASV_546	Viridiplantae	Streptophyta	Magnoliopsida	Poales	Poaceae	Spartina	NA
ASV_547	Viridiplantae	Streptophyta	Magnoliopsida	Fabales	Fabaceae	Vicia	NA
ASV_548	Viridiplantae	Streptophyta	Magnoliopsida	Dipsacales	Adoxaceae	Sambucus	NA
ASV_549	Viridiplantae	Streptophyta	Magnoliopsida	NA	NA	NA	NA
ASV_550	Viridiplantae	Streptophyta	Magnoliopsida	Asterales	Asteraceae	Picnomon	NA
ASV_551	Viridiplantae	Streptophyta	Magnoliopsida	Ericales	Ericaceae	Erica	NA
ASV_552	Viridiplantae	Streptophyta	Magnoliopsida	Boraginales	Boraginaceae	Symphytum	NA
ASV_553	Viridiplantae	Streptophyta	Magnoliopsida	Fabales	Fabaceae	Trifolium	NA
ASV_554	Viridiplantae	Streptophyta	Magnoliopsida	Asterales	Asteraceae	Leontodon	NA
ASV_555	Viridiplantae	Streptophyta	Magnoliopsida	Malvales	Malvaceae	Heritiera	NA
ASV_556	Viridiplantae	Streptophyta	Magnoliopsida	Ranunculales	Ranunculaceae	Ranunculus	NA
ASV_557	Viridiplantae	Streptophyta	Magnoliopsida	Dioscoreales	Dioscoreaceae	Dioscorea	NA
ASV_558	Viridiplantae	Streptophyta	Magnoliopsida	Asterales	Asteraceae	Cirsium	NA
ASV_559	Viridiplantae	Streptophyta	Magnoliopsida	Boraginales	Boraginaceae	Symphytum	NA
ASV_560	Viridiplantae	Streptophyta	Magnoliopsida	Malpighiales	Violaceae	Viola	NA
ASV_561	Viridiplantae	Streptophyta	Magnoliopsida	Rosales	Rosaceae	Potentilla	NA
ASV_562	Viridiplantae	Streptophyta	Magnoliopsida	Lamiales	Plantaginaceae	Plantago	NA
ASV_563	Viridiplantae	Streptophyta	Magnoliopsida	Fabales	Fabaceae	Lotus	NA
ASV_564	Viridiplantae	Streptophyta	Magnoliopsida	Rosales	Rosaceae	NA	NA
ASV_565	Viridiplantae	Streptophyta	Magnoliopsida	NA	NA	NA	NA
ASV_566	Viridiplantae	Streptophyta	Magnoliopsida	Apiales	Apiaceae	Conium	maculatum
ASV_567	Viridiplantae	Streptophyta	Magnoliopsida	Asterales	Asteraceae	Cirsium	NA
ASV_568	Viridiplantae	Streptophyta	Magnoliopsida	Malpighiales	NA	NA	NA
ASV_569	Viridiplantae	Streptophyta	Magnoliopsida	Boraginales	Boraginaceae	Glandora	NA
ASV_570	Viridiplantae	Streptophyta	Magnoliopsida	Lamiales	Plantaginaceae	Digitalis	NA
ASV_571	Viridiplantae	Streptophyta	Magnoliopsida	NA	NA	NA	NA
ASV_572	Viridiplantae	Streptophyta	Magnoliopsida	Fabales	Fabaceae	Vicia	NA
ASV_573	Viridiplantae	Streptophyta	Magnoliopsida	Caryophyllales	Polygonaceae	Pleuropterus	NA
ASV_574	Viridiplantae	Streptophyta	Magnoliopsida	Lamiales	NA	NA	NA
ASV_575	Viridiplantae	Streptophyta	Magnoliopsida	Dipsacales	Adoxaceae	Sambucus	NA
ASV_576	Viridiplantae	Streptophyta	Magnoliopsida	Fagales	Betulaceae	Betula	NA
ASV_577	Viridiplantae	Streptophyta	Magnoliopsida	Boraginales	Boraginaceae	Symphytum	NA
ASV_578	Viridiplantae	Streptophyta	Magnoliopsida	Rosales	Urticaceae	Parietaria	cretica/judaica/sp.
ASV_579	Viridiplantae	Streptophyta	Magnoliopsida	Fabales	Fabaceae	Lotus	NA
ASV_580	Viridiplantae	Streptophyta	Magnoliopsida	Poales	Poaceae	Agrostis	NA
ASV_581	Viridiplantae	Streptophyta	Magnoliopsida	Fabales	Fabaceae	NA	NA
ASV_582	Viridiplantae	Streptophyta	Magnoliopsida	Poales	Poaceae	Spartina	NA
ASV_583	Viridiplantae	Streptophyta	Magnoliopsida	Lamiales	Lentibulariaceae	Pinguicula	NA
ASV_584	Viridiplantae	Streptophyta	Magnoliopsida	Caryophyllales	Caryophyllaceae	Stellaria	NA
ASV_585	Viridiplantae	Streptophyta	Magnoliopsida	Apiales	Apiaceae	Tornabenea	NA
ASV_586	Viridiplantae	Streptophyta	Magnoliopsida	Ericales	Primulaceae	Primula	NA
ASV_587	Viridiplantae	Streptophyta	Magnoliopsida	Fabales	Fabaceae	Lotus	NA
ASV_588	Viridiplantae	Streptophyta	Magnoliopsida	NA	NA	NA	NA
ASV_589	Viridiplantae	Streptophyta	Magnoliopsida	Dioscoreales	Dioscoreaceae	Dioscorea	NA
ASV_590	Viridiplantae	Streptophyta	Magnoliopsida	Fabales	Fabaceae	Vicia	NA
ASV_591	Viridiplantae	Streptophyta	Magnoliopsida	Brassicales	Brassicaceae	Brassica	NA
ASV_592	Viridiplantae	Streptophyta	Magnoliopsida	NA	NA	NA	NA
ASV_593	Viridiplantae	Streptophyta	Magnoliopsida	NA	NA	NA	NA
ASV_594	Viridiplantae	Streptophyta	Magnoliopsida	Fabales	Fabaceae	NA	NA
ASV_595	Viridiplantae	Streptophyta	Magnoliopsida	Fabales	Fabaceae	Anthyllis	NA
ASV_596	Viridiplantae	Streptophyta	Magnoliopsida	NA	NA	NA	NA
ASV_597	Viridiplantae	Streptophyta	Magnoliopsida	Lamiales	Plantaginaceae	Veronica	NA
ASV_598	Viridiplantae	Streptophyta	Magnoliopsida	Ericales	Ericaceae	NA	NA
ASV_599	Viridiplantae	Streptophyta	Magnoliopsida	Dioscoreales	Dioscoreaceae	Dioscorea	NA
ASV_600	Viridiplantae	Streptophyta	Magnoliopsida	Fabales	Fabaceae	NA	NA
ASV_601	Viridiplantae	Streptophyta	Magnoliopsida	NA	NA	NA	NA
ASV_602	Viridiplantae	Streptophyta	Magnoliopsida	Poales	Poaceae	Spartina	NA
ASV_603	Viridiplantae	Streptophyta	Magnoliopsida	NA	NA	NA	NA
ASV_604	Viridiplantae	Streptophyta	Magnoliopsida	Dioscoreales	Dioscoreaceae	Dioscorea	NA
ASV_605	Viridiplantae	Streptophyta	Magnoliopsida	NA	NA	NA	NA
ASV_606	Viridiplantae	Streptophyta	Magnoliopsida	Fabales	Fabaceae	Trifolium	NA
ASV_607	Viridiplantae	Streptophyta	Magnoliopsida	Fagales	Juglandaceae	Juglans	NA
ASV_608	Viridiplantae	Streptophyta	Magnoliopsida	NA	NA	NA	NA
ASV_609	Viridiplantae	Streptophyta	Magnoliopsida	Dioscoreales	Dioscoreaceae	Dioscorea	NA
ASV_610	Viridiplantae	Streptophyta	Magnoliopsida	Fabales	Fabaceae	Vicia	NA
ASV_611	Viridiplantae	Streptophyta	Magnoliopsida	Fabales	Fabaceae	Lotus	NA
ASV_612	Viridiplantae	Streptophyta	Magnoliopsida	Apiales	Apiaceae	NA	NA
ASV_613	Viridiplantae	Streptophyta	Magnoliopsida	Apiales	Apiaceae	Gingidia	NA
ASV_614	Viridiplantae	Streptophyta	Magnoliopsida	Asterales	Asteraceae	Achillea	NA
ASV_615	Viridiplantae	Streptophyta	Magnoliopsida	Boraginales	Boraginaceae	Echium	NA
ASV_616	Viridiplantae	Streptophyta	Magnoliopsida	NA	NA	NA	NA
ASV_617	Viridiplantae	Streptophyta	Magnoliopsida	NA	NA	NA	NA
ASV_618	Viridiplantae	Streptophyta	Magnoliopsida	NA	NA	NA	NA
ASV_619	Viridiplantae	Streptophyta	Magnoliopsida	NA	NA	NA	NA
ASV_620	Viridiplantae	Streptophyta	Magnoliopsida	NA	NA	NA	NA
ASV_621	Viridiplantae	Streptophyta	Magnoliopsida	Malvales	Malvaceae	Heritiera	NA
ASV_622	Viridiplantae	Streptophyta	Magnoliopsida	Lamiales	Plantaginaceae	NA	NA
ASV_623	Viridiplantae	Streptophyta	Magnoliopsida	Lamiales	Plantaginaceae	Veronica	NA
ASV_624	Viridiplantae	Streptophyta	Magnoliopsida	Liliales	Liliaceae	Erythronium	NA
ASV_625	Viridiplantae	Streptophyta	Magnoliopsida	Ericales	Ericaceae	NA	NA
ASV_626	Viridiplantae	Streptophyta	Magnoliopsida	Lamiales	Lamiaceae	Lamium	NA
ASV_627	Viridiplantae	Streptophyta	Magnoliopsida	Fabales	Fabaceae	Vicia	NA
ASV_628	Viridiplantae	Streptophyta	Magnoliopsida	Asterales	Asteraceae	Achillea	NA
ASV_629	Viridiplantae	Streptophyta	Magnoliopsida	NA	NA	NA	NA
ASV_630	Viridiplantae	Streptophyta	Magnoliopsida	NA	NA	NA	NA
ASV_631	Viridiplantae	Streptophyta	Magnoliopsida	Dioscoreales	Dioscoreaceae	Dioscorea	NA
ASV_632	Viridiplantae	Streptophyta	Magnoliopsida	Asterales	Asteraceae	NA	NA
ASV_633	Viridiplantae	Streptophyta	Magnoliopsida	NA	NA	NA	NA
ASV_634	Viridiplantae	Streptophyta	Magnoliopsida	Caryophyllales	Caryophyllaceae	Pseudostellaria	NA
ASV_635	Viridiplantae	Streptophyta	Magnoliopsida	Fabales	Fabaceae	Trifolium	NA
ASV_636	Viridiplantae	Streptophyta	Magnoliopsida	Boraginales	Boraginaceae	NA	NA
ASV_637	Viridiplantae	Streptophyta	Magnoliopsida	NA	NA	NA	NA
ASV_638	Viridiplantae	Streptophyta	Magnoliopsida	NA	NA	NA	NA
ASV_639	Viridiplantae	Streptophyta	Magnoliopsida	Boraginales	Boraginaceae	Echium	NA
ASV_640	Viridiplantae	Streptophyta	Magnoliopsida	Lamiales	NA	NA	NA
ASV_641	Viridiplantae	Streptophyta	Magnoliopsida	NA	NA	NA	NA
ASV_642	Viridiplantae	Streptophyta	Magnoliopsida	Malpighiales	Violaceae	Viola	NA
ASV_643	Viridiplantae	Streptophyta	Magnoliopsida	Lamiales	NA	NA	NA
ASV_644	Viridiplantae	Streptophyta	Magnoliopsida	Geraniales	Geraniaceae	NA	NA
ASV_645	Viridiplantae	Streptophyta	Magnoliopsida	Asterales	Asteraceae	Achillea	NA
ASV_646	Viridiplantae	Streptophyta	Magnoliopsida	Lamiales	Plantaginaceae	Plantago	NA
ASV_647	Viridiplantae	Streptophyta	Magnoliopsida	Fabales	Fabaceae	Vicia	NA
ASV_648	Viridiplantae	Streptophyta	Magnoliopsida	Apiales	Apiaceae	Tornabenea	NA
ASV_649	Viridiplantae	Streptophyta	Magnoliopsida	Asterales	Asteraceae	Cirsium	NA
ASV_650	Viridiplantae	Streptophyta	Magnoliopsida	Lamiales	Plantaginaceae	NA	NA
ASV_651	Viridiplantae	Streptophyta	Magnoliopsida	NA	NA	NA	NA
ASV_652	Viridiplantae	Streptophyta	Magnoliopsida	Lamiales	Orobanchaceae	Rhinanthus	NA
ASV_653	Viridiplantae	Streptophyta	Magnoliopsida	Fabales	Fabaceae	Trifolium	NA
ASV_654	Viridiplantae	Streptophyta	Magnoliopsida	Poales	Poaceae	Spartina	NA
ASV_655	Viridiplantae	Streptophyta	Magnoliopsida	NA	NA	NA	NA
ASV_656	Viridiplantae	Streptophyta	Magnoliopsida	Saxifragales	Crassulaceae	Sedum	NA
ASV_657	Viridiplantae	Streptophyta	Magnoliopsida	Malpighiales	Violaceae	Viola	NA
ASV_658	Viridiplantae	Streptophyta	Magnoliopsida	Fabales	Fabaceae	Lotus	NA
ASV_659	Viridiplantae	Streptophyta	Magnoliopsida	Lamiales	Lamiaceae	Clinopodium	NA
ASV_660	Viridiplantae	Streptophyta	Magnoliopsida	NA	NA	NA	NA
ASV_661	Viridiplantae	Streptophyta	Magnoliopsida	Fabales	Fabaceae	NA	NA
ASV_662	Viridiplantae	Streptophyta	Magnoliopsida	Magnoliales	Magnoliaceae	Liriodendron	NA
ASV_663	Viridiplantae	Streptophyta	Magnoliopsida	Lamiales	Plantaginaceae	NA	NA
ASV_664	Viridiplantae	Streptophyta	Magnoliopsida	Fabales	Fabaceae	Lotus	NA
ASV_665	Viridiplantae	Streptophyta	Magnoliopsida	NA	NA	NA	NA
ASV_666	Viridiplantae	Streptophyta	Magnoliopsida	NA	NA	NA	NA
ASV_667	Viridiplantae	Streptophyta	Magnoliopsida	NA	NA	NA	NA
ASV_668	Viridiplantae	Streptophyta	Magnoliopsida	NA	NA	NA	NA
ASV_669	Viridiplantae	Streptophyta	Magnoliopsida	Fabales	Fabaceae	Lotus	NA
ASV_670	Viridiplantae	Streptophyta	Magnoliopsida	Fabales	Fabaceae	Lotus	NA
ASV_671	Viridiplantae	Streptophyta	Magnoliopsida	Fabales	Fabaceae	NA	NA
ASV_672	Viridiplantae	Streptophyta	Magnoliopsida	Fabales	Fabaceae	Vicia	NA
ASV_673	Viridiplantae	Streptophyta	Magnoliopsida	Lamiales	Plantaginaceae	Plantago	NA
ASV_674	Viridiplantae	Streptophyta	Magnoliopsida	Caryophyllales	Polygonaceae	Pleuropterus	NA
ASV_675	Viridiplantae	Streptophyta	Magnoliopsida	Asterales	Asteraceae	Achillea	millefolium
ASV_676	Viridiplantae	Streptophyta	Magnoliopsida	Asterales	Asteraceae	Achillea	NA
ASV_677	Viridiplantae	Streptophyta	Magnoliopsida	Fabales	Fabaceae	Lotus	NA
ASV_678	Viridiplantae	Streptophyta	Magnoliopsida	Fabales	Fabaceae	Lotus	NA
ASV_679	Viridiplantae	Streptophyta	Magnoliopsida	NA	NA	NA	NA
ASV_680	Viridiplantae	Streptophyta	Magnoliopsida	Poales	Poaceae	Anthoxanthum	aristatum
ASV_681	Viridiplantae	Streptophyta	Magnoliopsida	NA	NA	NA	NA
ASV_682	Viridiplantae	Streptophyta	Magnoliopsida	Poales	Poaceae	Spartina	NA
ASV_683	Viridiplantae	Streptophyta	Magnoliopsida	Asterales	Asteraceae	NA	NA
ASV_684	Viridiplantae	Streptophyta	Magnoliopsida	Ericales	Primulaceae	Anagallis	NA
ASV_685	Viridiplantae	Streptophyta	Magnoliopsida	NA	NA	NA	NA
ASV_686	Viridiplantae	Streptophyta	Magnoliopsida	Fabales	Fabaceae	Trifolium	NA
ASV_687	Viridiplantae	Streptophyta	Magnoliopsida	Asterales	Asteraceae	Odixia	NA
ASV_688	Viridiplantae	Streptophyta	Magnoliopsida	NA	NA	NA	NA
ASV_689	Viridiplantae	Streptophyta	Magnoliopsida	Lamiales	Orobanchaceae	Lathraea	NA
ASV_690	Viridiplantae	Streptophyta	Magnoliopsida	NA	NA	NA	NA
ASV_691	Viridiplantae	Streptophyta	Magnoliopsida	Fabales	Fabaceae	Vicia	NA
ASV_692	Viridiplantae	Streptophyta	Magnoliopsida	Poales	Poaceae	NA	NA
ASV_693	Viridiplantae	Streptophyta	Magnoliopsida	Fabales	Fabaceae	Vicia	NA
ASV_694	Viridiplantae	Streptophyta	Magnoliopsida	Dioscoreales	Dioscoreaceae	Dioscorea	NA
ASV_695	Viridiplantae	Streptophyta	Magnoliopsida	Malvales	NA	NA	NA
ASV_696	Viridiplantae	Streptophyta	Magnoliopsida	NA	NA	NA	NA
ASV_697	Viridiplantae	Streptophyta	Magnoliopsida	Ericales	Ericaceae	Styphelia	NA
ASV_698	Viridiplantae	Streptophyta	Magnoliopsida	Fabales	Fabaceae	Lotus	NA
ASV_699	Viridiplantae	Streptophyta	Magnoliopsida	Dioscoreales	Dioscoreaceae	Dioscorea	NA
ASV_700	Viridiplantae	Streptophyta	Magnoliopsida	Asterales	Asteraceae	Bellis	NA
ASV_701	Viridiplantae	Streptophyta	Magnoliopsida	Fabales	Fabaceae	Lotus	NA
ASV_702	Viridiplantae	Streptophyta	Magnoliopsida	Lamiales	Plantaginaceae	Veronica	NA
ASV_703	Viridiplantae	Streptophyta	Magnoliopsida	Dioscoreales	Dioscoreaceae	Dioscorea	NA
ASV_704	Viridiplantae	Streptophyta	Magnoliopsida	NA	NA	NA	NA
ASV_705	Viridiplantae	Streptophyta	Magnoliopsida	NA	NA	NA	NA
ASV_706	Viridiplantae	Streptophyta	Magnoliopsida	NA	NA	NA	NA
ASV_707	Viridiplantae	Streptophyta	Magnoliopsida	NA	NA	NA	NA
ASV_708	Viridiplantae	Streptophyta	Magnoliopsida	Myrtales	Myrtaceae	Eucalyptus	NA
ASV_709	Viridiplantae	Streptophyta	Magnoliopsida	NA	NA	NA	NA
ASV_710	Viridiplantae	Streptophyta	Magnoliopsida	Poales	Poaceae	Megalachne	NA
ASV_711	Viridiplantae	Streptophyta	Magnoliopsida	Asterales	Asteraceae	Bellis	NA
ASV_712	Viridiplantae	Streptophyta	Magnoliopsida	Dioscoreales	Dioscoreaceae	Dioscorea	NA
ASV_713	Viridiplantae	Streptophyta	Magnoliopsida	NA	NA	NA	NA
ASV_714	Viridiplantae	Streptophyta	Magnoliopsida	Boraginales	Boraginaceae	Pulmonaria	NA
ASV_715	Viridiplantae	Streptophyta	Magnoliopsida	NA	NA	NA	NA
ASV_716	Viridiplantae	Streptophyta	Magnoliopsida	Fabales	Fabaceae	Trifolium	NA
ASV_717	Viridiplantae	Streptophyta	Magnoliopsida	NA	NA	NA	NA
ASV_718	Viridiplantae	Streptophyta	Magnoliopsida	Malpighiales	Violaceae	Viola	NA
ASV_719	Viridiplantae	Streptophyta	Magnoliopsida	Caryophyllales	Polygonaceae	Pleuropterus	NA
ASV_720	Viridiplantae	Streptophyta	Magnoliopsida	Poales	Poaceae	Spartina	NA
ASV_721	Viridiplantae	Streptophyta	Magnoliopsida	Brassicales	Brassicaceae	Erysimum	NA
ASV_722	Viridiplantae	Streptophyta	Magnoliopsida	NA	NA	NA	NA
ASV_723	Viridiplantae	Streptophyta	Magnoliopsida	Fabales	Fabaceae	Lotus	NA
ASV_724	Viridiplantae	Streptophyta	Magnoliopsida	Lamiales	Orobanchaceae	Pedicularis	NA
