Fecha,Periodo,Sitio,Planta,Numero.de.flores,X
04/04/2023,1,1,Bellis perennis,11,
04/04/2023,1,1,Euphorbia sp.,4,
04/04/2023,1,1,Helleborus viridis,574,
04/04/2023,1,1,Hepatica nobilis,13,
04/04/2023,1,1,Hutchinsia alpina,17,
04/04/2023,1,1,Primula veris,9,
04/04/2023,1,1,Ranunculus ficaria,10,
04/04/2023,1,1,Taraxacum officinale,19,
04/04/2023,1,1,Viola riviniana,9,
04/04/2023,1,2,Helleborus viridis,79,
04/04/2023,1,2,Bellis perennis,83,
04/04/2023,1,2,Hepatica nobilis,149,
04/04/2023,1,2,Potentilla sterilis,33,
04/04/2023,1,2,Anemone nemorosa,1,
04/04/2023,1,2,Taraxacum officinale,11,
04/04/2023,1,2,Ranunculus ficaria,5,
05/04/2023,1,3,Bellis perennis,5,
05/04/2023,1,3,Helleborus viridis,9,
05/04/2023,1,3,Hepatica nobilis,14,
05/04/2023,1,3,Lathyrus linifolius,82,
05/04/2023,1,3,Polygala vulgaris,8,
05/04/2023,1,3,Potentilla erecta,6,
05/04/2023,1,3,Potentilla montana,7,
05/04/2023,1,3,Primula veris,2,
05/04/2023,1,3,Scilla verna,13,
05/04/2023,1,3,Taraxacum officinale,4,
05/04/2023,1,3,Viola riviniana,47,
05/04/2023,1,4,Cerastium sp.,8,
05/04/2023,1,4,Crataegus monogyna,821,
05/04/2023,1,4,Helleborus viridis,4,
05/04/2023,1,4,Hepatica nobilis,35,
05/04/2023,1,4,Lathyrus linifolius,47,
05/04/2023,1,4,Oxalis acetosella,2,
05/04/2023,1,4,Potentilla montana,10,
05/04/2023,1,4,Viola riviniana,37,
06/04/2023,1,5,Bellis perennis,9,
06/04/2023,1,5,Erica sp.,1,
06/04/2023,1,5,Taraxacum officinale,25,
06/04/2023,1,5,Viola riviniana,3,
06/04/2023,1,6,Scilla verna,1,
06/04/2023,1,6,Anemone nemorosa,1,
07/04/2023,1,7,Anemone nemorosa,53,
07/04/2023,1,7,Bellis perennis,461,
07/04/2023,1,7,Helleborus viridis,1,
07/04/2023,1,7,Oxalis acetosella,3,
07/04/2023,1,7,Potentilla erecta,1,
07/04/2023,1,7,Potentilla sterilis,41,
07/04/2023,1,7,Taraxacum officinale,36,
07/04/2023,1,7,Viola riviniana,17,
07/04/2023,1,7,Hutchinsia alpina,23,cf.
07/04/2023,1,8,Anemone nemorosa,26,
07/04/2023,1,8,Euphorbia sp.,29,
07/04/2023,1,8,Pedicularis sylvatica,4,
07/04/2023,1,8,Polygala vulgaris,26,
07/04/2023,1,8,Potentilla erecta,9,
07/04/2023,1,8,Scilla verna,12,
08/04/2023,1,9,Anemone nemorosa,485,
08/04/2023,1,9,Bellis perennis,70,
08/04/2023,1,9,Erythronium dens-canis,3,
08/04/2023,1,9,Euphorbia sp.,12,
08/04/2023,1,9,Narcissus pseudonarcissus ssp. pallidiflorus,14,
08/04/2023,1,9,Oxalis acetosella,19,
08/04/2023,1,9,Polygala vulgaris,6,
08/04/2023,1,9,Potentilla erecta,2,
08/04/2023,1,9,Potentilla sterilis,26,
08/04/2023,1,9,Ranunculus ficaria,1,
08/04/2023,1,9,Saxifraga sp.,2,
08/04/2023,1,9,Taraxacum officinale,3,
08/04/2023,1,9,Viola riviniana,30,
08/04/2023,1,10,Bellis perennis,645,
08/04/2023,1,10,Erinus alpinus,248,
08/04/2023,1,10,Helleborus viridis,5,
08/04/2023,1,10,Hepatica nobilis,7,
08/04/2023,1,10,Potentilla erecta,5,
08/04/2023,1,10,Potentilla montana,3,
08/04/2023,1,10,Potentilla sterilis,19,
08/04/2023,1,10,Scilla verna,4,
08/04/2023,1,10,Taraxacum officinale,118,
08/04/2023,1,10,SI (White sp.4),66,
08/04/2023,1,10,Viola riviniana,60,
09/04/2023,1,15,Bellis perennis,710,
09/04/2023,1,15,Erinus alpinus,21,
09/04/2023,1,15,Helleborus viridis,33,
09/04/2023,1,15,Hepatica nobilis,5,
09/04/2023,1,15,Potentilla erecta,1,
09/04/2023,1,15,Potentilla montana,56,
09/04/2023,1,15,Potentilla sterilis,32,
09/04/2023,1,15,Taraxacum officinale,565,
09/04/2023,1,15,Viola riviniana,133,
09/04/2023,1,15,SI (White sp.1),5,(Hutchinsia sp.?)
09/04/2023,1,15,SI (White sp.2),10,
09/04/2023,1,16,Hepatica nobilis,21,
09/04/2023,1,16,Cerastium sp.,67,
09/04/2023,1,16,Taraxacum officinale,337,
09/04/2023,1,16,Potentilla sterilis,90,
09/04/2023,1,16,Helleborus viridis,388,
09/04/2023,1,16,Ranunculus ficaria,54,
09/04/2023,1,16,Bellis perennis,900,
09/04/2023,1,16,Viola riviniana,5,
09/04/2023,1,16,Hutchinsia alpina,6,
10/04/2023,1,11,Erica cinerea,1,
10/04/2023,1,11,Euphorbia sp.,17,
10/04/2023,1,11,Polygala vulgaris,5,
10/04/2023,1,11,Vaccinium myrtillus,65,
10/04/2023,1,11,Viola riviniana,2,
10/04/2023,1,12,Bellis perennis,787,
10/04/2023,1,12,Cerastium sp.,31,
10/04/2023,1,12,Erinus alpinus,91,
10/04/2023,1,12,Helleborus viridis,89,
10/04/2023,1,12,Hepatica nobilis,7,
10/04/2023,1,12,Hutchinsia alpina,27,
10/04/2023,1,12,Polygala vulgaris,26,
10/04/2023,1,12,Potentilla montana,3,
10/04/2023,1,12,Potentilla sterilis,11,
10/04/2023,1,12,Taraxacum officinale,62,
10/04/2023,1,12,Viola riviniana,98,
11/04/2023,1,13,Bellis perennis,1175,
11/04/2023,1,13,Erinus alpinus,297,
11/04/2023,1,13,Helleborus viridis,20,
11/04/2023,1,13,Hepatica nobilis,5,
11/04/2023,1,13,Hutchinsia alpina,507,
11/04/2023,1,13,Medicago lupulina,10,
11/04/2023,1,13,SI (Mystery S1),5,
11/04/2023,1,13,Potentilla erecta,4,
11/04/2023,1,13,Potentilla montana,17,
11/04/2023,1,13,Potentilla sterilis,9,
11/04/2023,1,13,Taraxacum officinale,76,
11/04/2023,1,13,Viola riviniana,74,
11/04/2023,1,14,Bellis perennis,350,
11/04/2023,1,14,Cerastium sp.,280,
11/04/2023,1,14,Helleborus viridis,268,
11/04/2023,1,14,Hepatica nobilis,14,
11/04/2023,1,14,Hutchinsia alpina,125,
11/04/2023,1,14,Arabis alpina,15,grande
11/04/2023,1,14,Oxalis acetosella,29,
11/04/2023,1,14,Potentilla sterilis,309,
11/04/2023,1,14,Ranunculus sp.,290,
11/04/2023,1,14,Taraxacum officinale,100,
11/04/2023,1,14,Viola riviniana,34,
17/04/2023,2,1,Bellis perennis,128,
17/04/2023,2,1,Helleborus viridis,247,
17/04/2023,2,1,Hepatica nobilis,16,
17/04/2023,2,1,Hutchinsia alpina,111,
17/04/2023,2,1,Potentilla sterilis,9,
17/04/2023,2,1,Primula veris,17,
17/04/2023,2,1,Ranunculus ficaria,18,
17/04/2023,2,1,Stellaria media,83,
17/04/2023,2,1,Taraxacum officinale,112,
17/04/2023,2,1,Viola riviniana,62,
17/04/2023,2,1,SI (White sp.3),20,
17/04/2023,2,2,Helleborus viridis,20,
17/04/2023,2,2,Bellis perennis,158,
17/04/2023,2,2,Taraxacum officinale,90,
17/04/2023,2,2,Hepatica nobilis,80,
17/04/2023,2,2,Potentilla sterilis,108,
17/04/2023,2,2,Oxalis acetosella,136,
17/04/2023,2,2,Ranunculus ficaria,19,
17/04/2023,2,2,Hutchinsia alpina,217,
17/04/2023,2,2,Viola riviniana,56,
17/04/2023,2,2,Anemone nemorosa,10,
18/04/2023,2,3,Potentilla montana,313,
18/04/2023,2,3,Potentilla erecta,83,
18/04/2023,2,3,Viola riviniana,29,
18/04/2023,2,3,Bellis perennis,25,
18/04/2023,2,3,Lathyrus linifolius,116,
18/04/2023,2,3,Scilla verna,365,
18/04/2023,2,3,Taraxacum officinale,4,
18/04/2023,2,3,Polygala vulgaris,138,
18/04/2023,2,3,Helleborus viridis,8,
18/04/2023,2,4,Scilla verna,7,
18/04/2023,2,4,Primula veris,27,
18/04/2023,2,4,Genista hispanica ssp. occidentalis,42,
18/04/2023,2,4,Lathyrus linifolius,28,
18/04/2023,2,4,Potentilla montana,40,
18/04/2023,2,4,Potentilla erecta,11,
18/04/2023,2,4,Viola riviniana,26,
18/04/2023,2,4,Hepatica nobilis,7,
18/04/2023,2,4,Stellaria holostea,90,
18/04/2023,2,4,Vicia pyrenaica,53,
18/04/2023,2,4,Lotus corniculatus,7,
18/04/2023,2,4,Taraxacum officinale,3,
18/04/2023,2,4,Helleborus viridis,3,
18/04/2023,2,4,Prunus spinosa,7,
18/04/2023,2,4,Geranium sp.,8,
18/04/2023,2,4,Polygala vulgaris,6,
19/04/2023,2,7,Potentilla sterilis,7,
19/04/2023,2,7,Potentilla erecta,2,
19/04/2023,2,7,Anemone nemorosa,98,
19/04/2023,2,7,Viola riviniana,133,
19/04/2023,2,7,Polygala vulgaris,5,
19/04/2023,2,7,Bellis perennis,1146,
19/04/2023,2,7,Taraxacum officinale,285,
19/04/2023,2,7,Oxalis acetosella,363,
19/04/2023,2,7,Ranunculus sp.,1,
19/04/2023,2,8,Potentilla erecta,489,
19/04/2023,2,8,Scilla verna,396,
19/04/2023,2,8,Pedicularis sylvatica,113,
19/04/2023,2,8,Polygala vulgaris,273,
19/04/2023,2,8,Anemone nemorosa,29,
20/04/2023,2,9,Veronica chamaedrys,8,
20/04/2023,2,9,Euphorbia alpina,912,
20/04/2023,2,9,Vaccinium myrtillus,19,
20/04/2023,2,9,Hutchinsia alpina,11,
20/04/2023,2,9,Oxalis acetosella,377,
20/04/2023,2,9,Scilla verna,41,
20/04/2023,2,9,Polygala vulgaris,51,
20/04/2023,2,9,Ranunculus repens,10,
20/04/2023,2,9,Narcissus pseudonarcissus ssp. pallidiflorus,1,
20/04/2023,2,9,Anemone nemorosa,532,
20/04/2023,2,9,Bellis perennis,183,
20/04/2023,2,9,Taraxacum officinale,20,
20/04/2023,2,9,Potentilla erecta,23,
20/04/2023,2,9,Viola riviniana,40,
20/04/2023,2,9,Potentilla sterilis,10,
20/04/2023,2,10,Taraxacum officinale,486,
20/04/2023,2,10,Potentilla montana,198,
20/04/2023,2,10,Viola riviniana,55,
20/04/2023,2,10,Scilla verna,65,
20/04/2023,2,10,Erodium sp.,20,
20/04/2023,2,10,Polygala vulgaris,15,
20/04/2023,2,10,Potentilla erecta,55,
20/04/2023,2,10,Hepatica nobilis,1,
20/04/2023,2,10,Lathyrus linifolius,11,
20/04/2023,2,10,Bellis perennis,1288,
21/04/2023,2,5,Potentilla erecta,4,
21/04/2023,2,5,Bellis perennis,42,
21/04/2023,2,5,Polygala vulgaris,153,
21/04/2023,2,5,Ranunculus repens,1,
21/04/2023,2,5,Vaccinium myrtillus,15,
21/04/2023,2,5,Euphorbia sp.,55,
21/04/2023,2,5,Lathyrus linifolius,8,
21/04/2023,2,5,Scilla verna,45,
21/04/2023,2,5,Erica sp.,2,
21/04/2023,2,5,Taraxacum officinale,62,
21/04/2023,2,5,Viola riviniana,35,
21/04/2023,2,6,Scilla verna,126,
21/04/2023,2,6,Potentilla erecta,1,
21/04/2023,2,6,Polygala vulgaris,42,
21/04/2023,2,6,Pedicularis sylvatica,2,
26/04/2023,2,15,Viola riviniana,136,
26/04/2023,2,15,Taraxacum officinale,946,
26/04/2023,2,15,Bellis perennis,1748,
26/04/2023,2,15,Erinus alpinus,30,
26/04/2023,2,15,Trifolium pratense,1,
26/04/2023,2,15,Potentilla montana,450,
26/04/2023,2,15,Helleborus viridis,35,
26/04/2023,2,15,Polygala vulgaris,10,
26/04/2023,2,15,Scilla verna,25,
26/04/2023,2,15,Veronica chamaedrys,7,
26/04/2023,2,15,Lotus corniculatus,37,
26/04/2023,2,16,Helleborus viridis,150,
26/04/2023,2,16,Taraxacum officinale,2253,
26/04/2023,2,16,Hutchinsia alpina,1934,
26/04/2023,2,16,Pedicularis sylvatica,5,
26/04/2023,2,16,Bellis perennis,15771,
26/04/2023,2,16,Potentilla sterilis,79,
26/04/2023,2,16,Hepatica nobilis,1,
26/04/2023,2,16,Oxalis acetosella,35,
26/04/2023,2,16,Viola riviniana,373,
26/04/2023,2,16,Ranunculus ficaria,11,
26/04/2023,2,16,Potentilla montana,9,
26/04/2023,2,16,Anemone nemorosa,2,
03/05/2023,3,1,Bellis perennis,1500,
03/05/2023,3,1,Taraxacum officinale,749,
03/05/2023,3,1,Erysimum gorbeanum,7,
03/05/2023,3,1,Scilla verna,170,
03/05/2023,3,1,Hutchinsia alpina,340,
03/05/2023,3,1,Ranunculus ficaria,28,
03/05/2023,3,1,Ranunculus repens,32,
03/05/2023,3,1,Viola riviniana,195,
03/05/2023,3,1,Vicia pyrenaica,10,
03/05/2023,3,1,Helleborus viridis,60,
03/05/2023,3,1,Potentilla montana,2,
03/05/2023,3,1,Potentilla sterilis,5,
03/05/2023,3,1,Oxalis acetosella,3,
03/05/2023,3,1,Veronica arvensis,235,
03/05/2023,3,1,Geranium robertianum,8,
03/05/2023,3,1,Cardamine pratensis,22,
03/05/2023,3,1,Pinguicula grandiflora,22,
03/05/2023,3,1,Erinus alpinus,15,
03/05/2023,3,1,Globularia sp.,2,
03/05/2023,3,1,Polygala vulgaris,93,
03/05/2023,3,1,Primula veris,8,
03/05/2023,3,1,Sherardia arvensis,2500,estimacion
03/05/2023,3,2,Geranium robertianum,2,
03/05/2023,3,2,Vicia pyrenaica,1,
03/05/2023,3,2,Hutchinsia alpina,1664,
03/05/2023,3,2,Fragaria vesca,2,
03/05/2023,3,2,Taraxacum officinale,1156,
03/05/2023,3,2,Bellis perennis,5600,estimacion
03/05/2023,3,2,Viola riviniana,819,
03/05/2023,3,2,Veronica chamaedrys,14,
03/05/2023,3,2,Potentilla sterilis,131,
03/05/2023,3,2,Saxifraga granulata,5,
03/05/2023,3,2,Potentilla montana,1,
03/05/2023,3,2,Polygala vulgaris,12,
03/05/2023,3,2,Potentilla erecta,3,
03/05/2023,3,2,Oxalis acetosella,27,
04/05/2023,3,3,Bellis perennis,110,
04/05/2023,3,3,Ranunculus repens,80,
04/05/2023,3,3,Potentilla montana,540,
04/05/2023,3,3,Erinus alpinus,8,
04/05/2023,3,3,Lathyrus linifolius,40,
04/05/2023,3,3,Scilla verna,15,
04/05/2023,3,3,Viola riviniana,7,
04/05/2023,3,3,Pedicularis sylvatica,55,
04/05/2023,3,3,Polygala vulgaris,291,
04/05/2023,3,3,Pilosella officinarum,17,
04/05/2023,3,3,Lotus corniculatus,61,
04/05/2023,3,3,Helianthemum nummularium,6,
04/05/2023,3,3,Taraxacum officinale,2,
04/05/2023,3,3,Veronica chamaedrys,7,
04/05/2023,3,3,Hippocrepis comosa,95,
04/05/2023,3,3,Helleborus viridis,2,
04/05/2023,3,3,Cerastium fontanum,4,
04/05/2023,3,3,Galium sp.,240,
04/05/2023,3,3,Genista hispanica ssp. occidentalis,33,
04/05/2023,3,3,Crataegus monogyna,120,
04/05/2023,3,3,Potentilla erecta,377,
04/05/2023,3,4,Lotus corniculatus,190,
04/05/2023,3,4,Pilosella officinarum,3,
04/05/2023,3,4,Ranunculus repens,3,
04/05/2023,3,4,Erysimum gorbeanum,21,
04/05/2023,3,4,Crataegus monogyna,4698,
04/05/2023,3,4,Brassicaceae sp.,69,cf tipo ebisimum
04/05/2023,3,4,Lathyrus linifolius,1,
04/05/2023,3,4,Scilla verna,18,
04/05/2023,3,4,Geranium robertianum,35,
04/05/2023,3,4,Potentilla montana,11,
04/05/2023,3,4,Lamium galeobdolon,9,amarillo
04/05/2023,3,4,Vicia pyrenaica,113,
04/05/2023,3,4,Viola riviniana,4,
04/05/2023,3,4,Potentilla erecta,14,
04/05/2023,3,4,Helianthemum nummularium,5,
04/05/2023,3,4,Thymus praecox ssp. polytrichus,9,
04/05/2023,3,4,Polygala vulgaris,4,
04/05/2023,3,4,Stellaria holostea,54,
04/05/2023,3,4,Genista hispanica ssp. occidentalis,2040,
05/05/2023,3,5,Potentilla erecta,413,
05/05/2023,3,5,Vaccinium myrtillus,1,
05/05/2023,3,5,Polygala vulgaris,3601,
05/05/2023,3,5,Scilla verna,205,
05/05/2023,3,5,Viola riviniana,4,
05/05/2023,3,5,Lathyrus linifolius,8,
05/05/2023,3,5,Pinguicula grandiflora,14,
05/05/2023,3,5,Cruciata laevipes,800,
05/05/2023,3,5,Taraxacum officinale,103,
05/05/2023,3,5,Ranunculus sp.,30,
05/05/2023,3,5,Euphorbia dulcis,55,
05/05/2023,3,5,Bellis perennis,39,
05/05/2023,3,5,Erica cinerea,4,
05/05/2023,3,6,Pedicularis sylvatica,17,
05/05/2023,3,6,Potentilla erecta,1249,
05/05/2023,3,6,Pinguicula grandiflora,6,
05/05/2023,3,6,Scorzonera humilis,1,
05/05/2023,3,6,Scilla verna,1667,
05/05/2023,3,6,Polygala vulgaris,1690,
08/05/2023,3,7,Bellis perennis,2775,
08/05/2023,3,7,Taraxacum officinale,124,
08/05/2023,3,7,Ranunculus repens,615,
08/05/2023,3,7,Ajuga reptans,162,
08/05/2023,3,7,Veronica sp.,45,
08/05/2023,3,7,Viola riviniana,11,
08/05/2023,3,7,Euphorbia dulcis,2,
08/05/2023,3,7,Lysimachia nemorum,90,
08/05/2023,3,7,Polygala vulgaris,215,
08/05/2023,3,7,Lathyrus linifolius,2,
08/05/2023,3,7,Potentilla erecta,125,
08/05/2023,3,7,Pinguicula grandiflora,6,
08/05/2023,3,7,Myosotis lamottiana,5,
08/05/2023,3,7,Pinguicula grandiflora,6,
08/05/2023,3,7,Cruciata laevipes,753,
08/05/2023,3,7,Oxalis acetosella,3,
08/05/2023,3,7,Scilla verna,10,
08/05/2023,3,7,Crataegus monogyna,1100,
08/05/2023,3,8,Potentilla erecta,11367,
08/05/2023,3,8,Euphorbia dulcis,13,
08/05/2023,3,8,Polygala vulgaris,269,
08/05/2023,3,8,Daboecia cantabrica,5,
08/05/2023,3,8,Veronica officinalis,107,
08/05/2023,3,8,Taraxacum officinale,6,
08/05/2023,3,8,Pedicularis sylvatica,295,
08/05/2023,3,8,Scilla verna,25,
17/05/2023,3,9,Ranunculus tuberosus,843,
17/05/2023,3,9,Bellis perennis,n/c,
17/05/2023,3,9,Lysimachia nemorum,144,
17/05/2023,3,9,Caltha palustris,1,
17/05/2023,3,9,Polygala vulgaris,2408,
17/05/2023,3,9,Pinguicula grandiflora,18,
17/05/2023,3,9,Potentilla erecta,2396,
17/05/2023,3,9,Scilla verna,59,
17/05/2023,3,9,Pilosella officinarum,3,
17/05/2023,3,9,Daboecia cantabrica,10,
17/05/2023,3,9,Veronica officinalis,20,
17/05/2023,3,9,Pedicularis sylvatica,51,
17/05/2023,3,9,Veronica sp.,55,
17/05/2023,3,9,Viola riviniana,4,
17/05/2023,3,9,Taraxacum officinale,11,
17/05/2023,3,9,Cardamine flexuosa,10,
17/05/2023,3,9,Saxifraga granulata,1156,
17/05/2023,3,9,Ajuga reptans,30,
17/05/2023,3,9,Oxalis acetosella,2,
17/05/2023,3,9,Cerastium fontanum,564,
17/05/2023,3,9,Potentilla erecta,2396,
17/05/2023,3,9,Polygala vulgaris,2408,
17/05/2023,3,9,Trifolium repens,15,
17/05/2023,3,9,Rumex acetosella,10000,
17/05/2023,3,10,Ranunculus tuberosus,303,
17/05/2023,3,10,Taraxacum officinale,17,
17/05/2023,3,10,Bellis perennis,846,
17/05/2023,3,10,Medicago lupulina,450,
17/05/2023,3,10,Erinus alpinus,870,
17/05/2023,3,10,Pilosella officinarum,3,
17/05/2023,3,10,Erysimum gorbeanum,2,
17/05/2023,3,10,Potentilla erecta,165,
17/05/2023,3,10,Scilla verna,8,
17/05/2023,3,10,Trifolium repens,6,
17/05/2023,3,10,Hippocrepis comosa,305,
17/05/2023,3,10,Biscutella laevigata,18,
17/05/2023,3,10,Vicia pyrenaica,42,
17/05/2023,3,10,Geranium molle,13,
17/05/2023,3,10,Lotus corniculatus,435,
17/05/2023,3,10,Galium sp.,3500,estimación
17/05/2023,3,10,Polygala vulgaris,452,
17/05/2023,3,10,Potentilla montana,281,
17/05/2023,3,10,Cerastium fontanum,39,
17/05/2023,3,10,Geranium robertianum,14,
17/05/2023,3,10,Helianthemum nummularium,11,
26/05/2023,3,11,Arenaria montana,19,
26/05/2023,3,11,Ulex gallii,20,
26/05/2023,3,11,Polygala vulgaris,108,
26/05/2023,3,11,Sherardia arvensis,25,
26/05/2023,3,11,Potentilla erecta,1364,
26/05/2023,3,11,Erica lusitanica,,"listed but no number, unlikely in count"
26/05/2023,3,11,Ranunculus tuberosus,6,
26/05/2023,3,11,Daboecia cantabrica,247,
26/05/2023,3,11,Calluna vulgaris,7,
26/05/2023,3,11,Erica cinerea,3,
26/05/2023,3,11,Erica arborea,4500,
26/05/2023,3,11,Pedicularis sylvatica,6,
26/05/2023,3,11,Rumex acetosella,3000,
26/05/2023,3,11,Vaccinium myrtillus,1500,
26/05/2023,3,11,Arenaria montana,54,
26/05/2023,3,11,Hypochaeris radicata,1,
26/05/2023,3,12,Hutchinsia alpina,174,
26/05/2023,3,12,Crataegus monogyna,1000+,
26/05/2023,3,12,Bellis perennis,4984,
26/05/2023,3,12,Medicago lupulina,209,
26/05/2023,3,12,Erinus alpinus,17,
26/05/2023,3,12,Geranium molle,613,
26/05/2023,3,12,Veronica officinalis,74,
26/05/2023,3,12,Potentilla montana,242,
26/05/2023,3,12,Vicia pyrenaica,49,
26/05/2023,3,12,Taraxacum officinale,42,
26/05/2023,3,12,Lotus corniculatus,142,
26/05/2023,3,12,Cerastium sp.,9,
26/05/2023,3,12,Potentilla erecta,231,
26/05/2023,3,12,Rumex acetosella,10000+,
26/05/2023,3,12,Lathyrus linifolius,9,
26/05/2023,3,12,Viola riviniana,3,
26/05/2023,3,12,SI (tipo Ajuga amarilla),500,estimado
26/05/2023,3,12,Hippocrepis comosa,152,
26/05/2023,3,12,Geranium robertianum,100,
26/05/2023,3,12,Capsella bursa-pastoris,5000+,pastoris
26/05/2023,3,12,Polygala vulgaris,400,estimado
26/05/2023,3,12,Polygala vulgaris,150,
26/05/2023,3,12,Stellaria media,1000+,
26/05/2023,3,12,Arenaria montana,186,
26/05/2023,3,12,Veronica arvensis,5000+,
26/05/2023,3,12,Ranunculus tuberosus,18,
26/05/2023,3,12,Pilosella officinarum,8,
26/05/2023,3,12,Erica arborea,10000+,
28/05/2023,3,13,Bellis perennis,15000,
28/05/2023,3,13,Taraxacum officinale,67,
28/05/2023,3,13,Ranunculus tuberosus,1214,
28/05/2023,3,13,Trifolium repens,220,x20
28/05/2023,3,13,Veronica arvensis,215,x5
28/05/2023,3,13,Hornungia petraea,170,x10
28/05/2023,3,13,Veronica officinalis,515,x5
28/05/2023,3,13,Veronica chamaedrys,35,x5
28/05/2023,3,13,Vicia pyrenaica,10,
28/05/2023,3,13,Helichrysum sp.,6,
28/05/2023,3,13,Stellaria media,58,
28/05/2023,3,13,Geranium pyrenaicum,162,"geranium m, pry (name changed in R)"
28/05/2023,3,13,Geranium molle,191,geranium s
28/05/2023,3,13,Sherardia arvensis,75000,300 x 1m
28/05/2023,3,13,Capsella bursa-pastoris,2500,10 x 1m
28/05/2023,3,13,Potentilla montana,769,
28/05/2023,3,13,Hippocrepis comosa,150,
28/05/2023,3,13,Hornungia petraea,25,
28/05/2023,3,13,Erinus alpinus,350,
28/05/2023,3,13,Thymus praecox ssp. polytrichus,80,
28/05/2023,3,13,Malva neglecta,5,
28/05/2023,3,13,Satureja alpina ssp. pyrenaea,10,
28/05/2023,3,13,Lotus corniculatus,333,(per head)
28/05/2023,3,13,Medicago lupulina,1918,
28/05/2023,3,13,Cerastium sp.,181,cf pyrenaica (?)
28/05/2023,3,14,Ranunculus tuberosus,857,
28/05/2023,3,14,Meconopsis cambrica,1,
28/05/2023,3,14,SI (tipo Ajuga amarilla),1000+,
28/05/2023,3,14,Bellis perennis,8000+,
28/05/2023,3,14,Linaria propinqua,95,amarilla
28/05/2023,3,14,Sisymbrium irio,171,
28/05/2023,3,14,Cerastium fontanum,500,"not counted, apprx 500"
28/05/2023,3,14,Erinus alpinus,725,
28/05/2023,3,14,Erysimum gorbeanum,26,
28/05/2023,3,14,Euphorbia sp.,n/c,not counted
28/05/2023,3,14,Fragaria vesca,18,
28/05/2023,3,14,Galium sp.,n/c,not counted
28/05/2023,3,14,Geranium molle,855,
28/05/2023,3,14,Geranium robertianum,570,
28/05/2023,3,14,Geranium sp.,28,
28/05/2023,3,14,Hutchinsia alpina,3459,
28/05/2023,3,14,Lamium galeobdolon,20,amarillo
28/05/2023,3,14,Lamium purpureum,1970,
28/05/2023,3,14,Lamium galeobdolon,20,
28/05/2023,3,14,Lotus corniculatus,152,
28/05/2023,3,14,Lysimachia nemorum,212,
28/05/2023,3,14,Medicago lupulina,60,
28/05/2023,3,14,Scrophularia alpestris,34,"""flor apagada rojiza/granate de hoja grande"""
28/05/2023,3,14,Pedicularis sylvatica,4,
28/05/2023,3,14,Pilosella sp.,41,
28/05/2023,3,14,Potentilla erecta,43,
28/05/2023,3,14,Rumex acetosella,1000,approx
28/05/2023,3,14,Saxifraga granulata,20,
28/05/2023,3,14,Saxifraga hirsuta,850,
28/05/2023,3,14,Stellaria media,500,"not counted, apprx 500"
28/05/2023,3,14,Taraxacum officinale,10,
28/05/2023,3,14,Trifolium repens,4,
28/05/2023,3,14,Veronica arvensis,5200,
28/05/2023,3,14,Veronica sp.,500,
28/05/2023,3,14,Vicia pyrenaica,24,
28/05/2023,3,14,Vicia sp.,5,
28/05/2023,3,14,Viola riviniana,3,
29/05/2023,3,15,Bellis perennis,3200,
29/05/2023,3,15,Taraxacum officinale,43,
29/05/2023,3,15,Pilosella officinarum,22,
29/05/2023,3,15,Hypochaeris radicata,6,
29/05/2023,3,15,Vicia pyrenaica,50,
29/05/2023,3,15,Geranium pyrenaicum,48,
29/05/2023,3,15,Polygala vulgaris,52,x5
29/05/2023,3,15,Potentilla erecta,22,
29/05/2023,3,15,Thymus praecox ssp. polytrichus,10,x5
29/05/2023,3,15,Ranunculus bulbosus,920,
29/05/2023,3,15,Ranunculus tuberosus,460,
29/05/2023,3,15,Ranunculus repens,920,
29/05/2023,3,15,Sherardia arvensis,800,
29/05/2023,3,15,Cruciata laevipes,100,
29/05/2023,3,15,Veronica chamaedrys,180,
29/05/2023,3,15,Stellaria media,25,
29/05/2023,3,15,Geranium molle,50,
29/05/2023,3,15,Veronica officinalis,600,
29/05/2023,3,15,Potentilla montana,832,
29/05/2023,3,15,Lotus corniculatus,1695,
29/05/2023,3,15,Trifolium repens,1160,
29/05/2023,3,15,Cerastium fontanum,79,
29/05/2023,3,15,Medicago lupulina,854,
29/05/2023,3,15,Erinus alpinus,50,x25
29/05/2023,3,15,Arenaria grandiflora,20,x10
29/05/2023,3,15,Veronica arvensis,180,
29/05/2023,3,15,Sanguisorba minor,150,
29/05/2023,3,15,Geranium robertianum,25,
29/05/2023,3,16,Hutchinsia alpina,721,
29/05/2023,3,16,Crataegus monogyna,5000,
29/05/2023,3,16,Ranunculus tuberosus,443,
29/05/2023,3,16,Bellis perennis,10000+,
29/05/2023,3,16,Potentilla erecta,63,
29/05/2023,3,16,Potentilla montana,631,
29/05/2023,3,16,Erinus alpinus,1326,
29/05/2023,3,16,Medicago lupulina,165,
29/05/2023,3,16,Taraxacum officinale,18,
29/05/2023,3,16,Lotus corniculatus,56,
29/05/2023,3,16,Saxifraga granulata,10,
29/05/2023,3,16,Saxifraga hirsuta,61,
29/05/2023,3,16,Vicia pyrenaica,19,
29/05/2023,3,16,Geranium pyrenaicum,29,
29/05/2023,3,16,Geranium robertianum,4,
29/05/2023,3,16,SI (tipo Ajuga amarilla),n/c,n/c
29/05/2023,3,16,Pedicularis sylvatica,301,
29/05/2023,3,16,Pilosella officinarum,8,
29/05/2023,3,16,Viola riviniana,14,
29/05/2023,3,16,Polygala vulgaris,268,
29/05/2023,3,16,Sherardia arvensis,2000+,n/c
29/05/2023,3,16,Cerastium fontanum,280,estimado
29/05/2023,3,16,Veronica officinalis,135,
29/05/2023,3,16,Veronica arvensis,,n/c
29/05/2023,3,16,Veronica chamaedrys,182,
29/05/2023,3,16,Rumex acetosella,50,no contado
29/05/2023,3,16,Cruciata laevipes,5610,
29/05/2023,3,16,Estrellita sp.hoja,2000+,
29/05/2023,3,16,Trifolium repens,1,
31/05/2023,4,1,Bellis perennis,15000,
31/05/2023,4,1,Pinguicula grandiflora,17,
31/05/2023,4,1,Scilla verna,18,
31/05/2023,4,1,Lysimachia nemorum,100,
31/05/2023,4,1,Veronica chamaedrys,350,
31/05/2023,4,1,Geranium molle,6,
31/05/2023,4,1,Erinus alpinus,2125,
31/05/2023,4,1,Geranium robertianum,15,
31/05/2023,4,1,Vicia pyrenaica,300,
31/05/2023,4,1,Anagallis arvensis,8,
31/05/2023,4,1,Anthyllis vulneraria,170,
31/05/2023,4,1,Taraxacum officinale,277,
31/05/2023,4,1,Pilosella officinarum,3,
31/05/2023,4,1,Linaria propinqua,57,
31/05/2023,4,1,Ranunculus tuberosus,580,
31/05/2023,4,1,Thymus praecox ssp. polytrichus,150,
31/05/2023,4,1,Erysimum gorbeanum,145,
31/05/2023,4,1,Lotus corniculatus,45,
31/05/2023,4,1,Ajuga reptans,25,
31/05/2023,4,1,Trifolium repens,20,
31/05/2023,4,1,Potentilla erecta,5,
31/05/2023,4,1,Ranunculus acris,5,
31/05/2023,4,1,Linum catharticum,10,
31/05/2023,4,1,Apiaceae sp.,100,sit1
31/05/2023,4,1,Polygala vulgaris,350,
31/05/2023,4,1,Veronica arvensis,200,
31/05/2023,4,1,Capsella bursa-pastoris,220,
31/05/2023,4,1,Medicago lupulina,4012,
31/05/2023,4,1,Sherardia arvensis,2000,
31/05/2023,4,1,Potentilla montana,17,
31/05/2023,4,1,Euphrasia alpina,53,
31/05/2023,4,1,Stellaria media,65,
31/05/2023,4,1,Thesium pyrenaicum ssp. pyrenaicum,10,
31/05/2023,4,1,Cerastium fontanum,20,
31/05/2023,4,1,Cardamine flexuosa,20,
31/05/2023,4,1,Cruciata laevipes,800,
31/05/2023,4,1,Alchemilla alpigena,175,
31/05/2023,4,2,Polygala vulgaris,20,
31/05/2023,4,2,Saxifraga granulata,24,
31/05/2023,4,2,Lysimachia nemorum,193,
31/05/2023,4,2,Myosotis lamottiana,1136,
31/05/2023,4,2,Fragaria vesca,36,
31/05/2023,4,2,Bellis perennis,20000+,mas de 20 bellis/1 pot erecta
31/05/2023,4,2,Potentilla erecta,1228,
31/05/2023,4,2,Viola riviniana,2,
31/05/2023,4,2,Geranium robertianum,80,
31/05/2023,4,2,Veronica chamaedrys,107,
31/05/2023,4,2,Veronica officinalis,4,
31/05/2023,4,2,Pedicularis sylvatica,46,
31/05/2023,4,2,Cruciata laevipes,5000+,"n/c, estimación"
31/05/2023,4,2,Crataegus monogyna,10000+,
31/05/2023,4,2,Ajuga reptans,90,
31/05/2023,4,2,Saxifraga hirsuta,317,
31/05/2023,4,2,Lotus corniculatus,23,
31/05/2023,4,2,Medicago lupulina,30,
31/05/2023,4,2,Vicia pyrenaica,53,
31/05/2023,4,2,Taraxacum officinale,12,
31/05/2023,4,2,Potentilla montana,10,
31/05/2023,4,2,Erinus alpinus,1269,
31/05/2023,4,2,Hutchinsia alpina,576,
31/05/2023,4,2,Ranunculus sp.,600,
31/05/2023,4,2,Vicia sepium,2,
31/05/2023,4,2,Cerastium fontanum,100,
31/05/2023,4,2,SI (Pompon mari sp. cf.),140,
05/06/2023,4,3,Geranium pyrenaicum,7,
05/06/2023,4,3,Geranium robertianum,4,
05/06/2023,4,3,Bellis perennis,192,
05/06/2023,4,3,Trifolium repens,36,
05/06/2023,4,3,Potentilla erecta,96,
05/06/2023,4,3,Potentilla montana,42,
05/06/2023,4,3,Prunella grandiflora,169,
05/06/2023,4,3,Lathyrus linifolius,11,
05/06/2023,4,3,Pedicularis sylvatica,15,
05/06/2023,4,3,Plantago lanceolata,17,
05/06/2023,4,3,Helianthemum nummularium,112,
05/06/2023,4,3,Prunella vulgaris,22,
05/06/2023,4,3,Vicia pyrenaica,1,
05/06/2023,4,3,Sherardia arvensis,350,
05/06/2023,4,3,Teucrium pyrenaicum,128,x8
05/06/2023,4,3,Medicago lupulina,710,
05/06/2023,4,3,Pilosella officinarum,74,
05/06/2023,4,3,Lotus corniculatus,3392,
05/06/2023,4,3,Hippocrepis comosa,346,
05/06/2023,4,3,Galium sp.,197,
05/06/2023,4,3,Trifolium pratense,2,
05/06/2023,4,3,Plantago media,80,
05/06/2023,4,3,Stellaria media,46,
05/06/2023,4,3,Thymus praecox ssp. polytrichus,230,
05/06/2023,4,3,Cerastium fontanum,15,
05/06/2023,4,3,Veronica chamaedrys,1,
05/06/2023,4,3,Ranunculus sp.,389,
05/06/2023,4,3,Taraxacum officinale,2,
05/06/2023,4,3,Thesium pyrenaicum ssp. pyrenaicum,67,
05/06/2023,4,4,Teucrium pyrenaicum,125,
05/06/2023,4,4,Satureja alpina ssp. pyrenaea,13,
05/06/2023,4,4,Trifolium ochroleucon,5,
05/06/2023,4,4,Rosa arvensis,16,
05/06/2023,4,4,Galium pinetorum,20,
05/06/2023,4,4,Medicago lupulina,42,
05/06/2023,4,4,Vicia pyrenaica,21,
05/06/2023,4,4,Euphrasia alpina,20,
05/06/2023,4,4,Thymus praecox ssp. polytrichus,85,
05/06/2023,4,4,Vicia sativa,5,
05/06/2023,4,4,Helianthemum nummularium,5,
05/06/2023,4,4,Potentilla montana,2,
05/06/2023,4,4,Lotus corniculatus,1565,
05/06/2023,4,4,Ranunculus tuberosus,35,x5
05/06/2023,4,4,Potentilla erecta,19,
05/06/2023,4,4,Hypericum pulchrum,9,
05/06/2023,4,4,Geranium robertianum,100,x5
05/06/2023,4,4,Silene nutans,120,x10
05/06/2023,4,4,Teucrium pyrenaicum,15,
05/06/2023,4,4,Satureja alpina ssp. pyrenaea,25,
05/06/2023,4,4,Trifolium ochroleucon,16,
05/06/2023,4,4,Galium pinetorum,1,
05/06/2023,4,4,Medicago lupulina,70,
05/06/2023,4,4,Vicia pyrenaica,2,
01/06/2023,4,5,Hypochaeris radicata,41,
01/06/2023,4,5,Veronica officinalis,450,x5
01/06/2023,4,5,Ranunculus tuberosus,241,
01/06/2023,4,5,Potentilla erecta,2262,
01/06/2023,4,5,Polygala serpyllifolia,1241,
01/06/2023,4,5,Sedum sp.,47,
01/06/2023,4,5,Potentilla erecta,2262,
01/06/2023,4,5,Taraxacum officinale,2,
01/06/2023,4,5,Daboecia cantabrica,1,
01/06/2023,4,5,Lathyrus linifolius,1,
01/06/2023,4,5,Cerastium fontanum,1,
01/06/2023,4,5,Scilla verna,5,
01/06/2023,4,5,Bellis perennis,280,
01/06/2023,4,5,Erica cinerea,50,
01/06/2023,4,5,Galium saxatile,360,x15
01/06/2023,4,5,Pilosella officinarum,1,
01/06/2023,4,5,Cruciata laevipes,2000,
01/06/2023,4,5,Ulex gallii,2,
01/06/2023,4,5,Lysimachia nemorum,25,
01/06/2023,4,6,Potentilla erecta,3500,
01/06/2023,4,6,Ranunculus sp.,7,
01/06/2023,4,6,Scorzonera humilis,12,
01/06/2023,4,6,Pedicularis sylvatica,2,
01/06/2023,4,6,Polygala vulgaris,666,
01/06/2023,4,6,Daboecia cantabrica,167,
01/06/2023,4,6,Scilla verna,15,
01/06/2023,4,6,Erica vagans,4,
01/06/2023,4,6,Veronica officinalis,33,
01/06/2023,4,6,Bellis perennis,2,
01/06/2023,4,6,Cruciata laevipes,,n/c 1000+ approx.
06/06/2023,4,7,Ranunculus sp.,457,
06/06/2023,4,7,Bellis perennis,1644,
06/06/2023,4,7,Trifolium repens,13,
06/06/2023,4,7,Taraxacum officinale,6,
06/06/2023,4,7,Potentilla erecta,222,
06/06/2023,4,7,Polygala vulgaris,50,
06/06/2023,4,7,Veronica sp.,230,
06/06/2023,4,7,Lysimachia nemorum,60,
06/06/2023,4,7,Ranunculus cf. flammula,2,
06/06/2023,4,7,Veronica chamaedrys,40,
06/06/2023,4,7,Myosotis lamottiana,35,
06/06/2023,4,7,Ajuga reptans,32,
06/06/2023,4,7,Galium sp.,50,saxatile?
06/06/2023,4,8,Potentilla erecta,4158,
06/06/2023,4,8,Veronica officinalis,46,
06/06/2023,4,8,Erica tetralix,82,
06/06/2023,4,8,Polygala vulgaris,25,
06/06/2023,4,8,Galium sp.,715,
06/06/2023,4,8,Rumex acetosella,,listed but n/c
06/06/2023,4,8,Pedicularis sylvatica,13,
06/06/2023,4,8,Daboecia cantabrica,1,
06/06/2023,4,8,Hypochaeris radicata,58,
06/06/2023,4,8,Cerastium fontanum,9+,
06/06/2023,4,8,Sedum sp.,20,
07/06/2023,4,9,Cardamine flexuosa,2,blanca pequeña
07/06/2023,4,9,Plantago lanceolata,15,
07/06/2023,4,9,Plantago media,2,
07/06/2023,4,9,Prunella vulgaris,3,
07/06/2023,4,9,Cruciata laevipes,60,
07/06/2023,4,9,Rumex acetosella,1000+,"mucho, sin contar"
07/06/2023,4,9,SI (Flor amarilla),5,hojas opuestas
07/06/2023,4,9,Polygala vulgaris,156,
07/06/2023,4,9,Ranunculus flammula,30,hojas largos
07/06/2023,4,9,Fragaria vesca,2,
07/06/2023,4,9,Cerastium fontanum,99,
07/06/2023,4,9,Daboecia cantabrica,5,
07/06/2023,4,9,Trifolium repens,326,
07/06/2023,4,9,Pilosella officinarum,7,
07/06/2023,4,9,Pedicularis sylvatica,8,
07/06/2023,4,9,Hypochaeris radicata,19,
07/06/2023,4,9,Galium sp.,360,
07/06/2023,4,9,Veronica officinalis,1128,
07/06/2023,4,9,Lysimachia nemorum,218,
07/06/2023,4,9,Ranunculus sp.,715,
07/06/2023,4,9,Bellis perennis,40,
07/06/2023,4,9,Potentilla erecta,1293,
07/06/2023,4,9,Saxifraga hirsuta,1600,
07/06/2023,4,10,Bellis perennis,288,
07/06/2023,4,10,Erysimum gorbeanum,3,
07/06/2023,4,10,Taraxacum officinale,5,
07/06/2023,4,10,Potentilla sterilis,6,
07/06/2023,4,10,Lotus corniculatus,1248,
07/06/2023,4,10,Geranium robertianum,17,
07/06/2023,4,10,Erinus alpinus,124,
07/06/2023,4,10,Ranunculus repens,123,
07/06/2023,4,10,Galium sp.,1160,
07/06/2023,4,10,Trifolium repens,2,
07/06/2023,4,10,Potentilla erecta,50,
07/06/2023,4,10,Helianthemum nummularium,97,
07/06/2023,4,10,Hippocrepis comosa,125,
07/06/2023,4,10,Lysimachia nemorum,1,
07/06/2023,4,10,Medicago lupulina,178,
07/06/2023,4,10,Pilosella officinarum,30,
07/06/2023,4,10,Teucrium pyrenaicum,120,
07/06/2023,4,10,Thymus praecox ssp. polytrichus,2515,
07/06/2023,4,10,Veronica officinalis,631,
07/06/2023,4,10,Vicia pyrenaica,5,
07/06/2023,4,10,Sherardia arvensis,3672,
07/06/2023,4,10,Potentilla montana,25,
07/06/2023,4,10,Cerastium sp.,30,
07/06/2023,4,10,Fragaria vesca,1,
07/06/2023,4,10,Plantago media,5,
07/06/2023,4,10,Plantago lanceolata,,n/c
07/06/2023,4,10,Euphrasia alpina,3,
07/06/2023,4,10,Polygala vulgaris,15,
07/06/2023,4,10,Teucrium pyrenaicum,25,
08/06/2023,4,11,Cirsium sp.,3,"thistle, cf de floratus?"
08/06/2023,4,11,Daboecia cantabrica,40,
08/06/2023,4,11,Digitalis purpurea,21,
08/06/2023,4,11,Erica arborea,210,
08/06/2023,4,11,Erica cinerea,850,
08/06/2023,4,11,Galium saxatile,2300,
08/06/2023,4,11,Jasione laevis,5,
08/06/2023,4,11,Polygala vulgaris,36,
08/06/2023,4,11,Potentilla erecta,276,
08/06/2023,4,11,Ranunculus repens,6,
08/06/2023,4,11,Veronica officinalis,97,
08/06/2023,4,12,Bellis perennis,n/c,
08/06/2023,4,12,Convallaria majalis,103,
08/06/2023,4,12,Capsella bursa-pastoris,>8000,
08/06/2023,4,12,Cerastium fontanum,60,
08/06/2023,4,12,Cruciata laevipes,600,estamido
08/06/2023,4,12,Erica tetralix,16,
08/06/2023,4,12,Erinus alpinus,918,
08/06/2023,4,12,Fragaria vesca,10,
08/06/2023,4,12,Galium sp.,10000+,
08/06/2023,4,12,Geranium pyrenaicum,694,
08/06/2023,4,12,Geranium robertianum,1,
08/06/2023,4,12,Hippocrepis comosa,5,
08/06/2023,4,12,Hutchinsia alpina,34,
08/06/2023,4,12,Lathyrus linifolius,1,
08/06/2023,4,12,Lotus corniculatus,1971,
08/06/2023,4,12,Medicago lupulina,575,
08/06/2023,4,12,Pilosella officinarum,17,
08/06/2023,4,12,Plantago lanceolata,391,
08/06/2023,4,12,Plantago media,90,
08/06/2023,4,12,Polygala vulgaris,23,
08/06/2023,4,12,Potentilla erecta,90,
08/06/2023,4,12,Potentilla montana,57,
08/06/2023,4,12,Ranunculus sp.,37,
08/06/2023,4,12,Sedum sp.,2,cf corsa
08/06/2023,4,12,Sherardia arvensis,190,
08/06/2023,4,12,Stellaria media,1000,
08/06/2023,4,12,Taraxacum officinale,19,
08/06/2023,4,12,Thymus praecox ssp. polytrichus,832,x4
08/06/2023,4,12,Trifolium repens,106,
08/06/2023,4,12,Veronica arvensis,1000,
08/06/2023,4,12,Veronica officinalis,1420,x4 (I am not sure if the total circled was already x4 or not - Jenn)
08/06/2023,4,12,Veronica officinalis,1000,two totals circled? 
08/06/2023,4,12,Vicia pyrenaica,4,
16/06/2023,4,13,Alchemilla arvensis,1000,
16/06/2023,4,13,Arenaria montana,10,grande
16/06/2023,4,13,Arenaria serpyllifolia,100,
16/06/2023,4,13,Arenaria serpyllifolia,50,
16/06/2023,4,13,Bellis perennis,1600,
16/06/2023,4,13,Biscutella laevigata,8,
16/06/2023,4,13,Campanula glomerata,2,
16/06/2023,4,13,Capsella bursa-pastoris,60,
16/06/2023,4,13,Carduncellus mitissimus,55,
16/06/2023,4,13,Cerastium fontanum,3,
16/06/2023,4,13,Endressia castellana,40,
16/06/2023,4,13,Erica cinerea,25,
16/06/2023,4,13,Erodium daucoides,5,
16/06/2023,4,13,Galium pinetorum,75,x25
16/06/2023,4,13,Helianthemum nummularium,n/c,
16/06/2023,4,13,Geranium molle,113,
16/06/2023,4,13,Geranium pyrenaicum,30,
16/06/2023,4,13,Herniaria latifolia,5000,cf
16/06/2023,4,13,Hornungia petraea,4,
16/06/2023,4,13,Lotus corniculatus,750,x50
16/06/2023,4,13,Malva nicaeensis,3,
16/06/2023,4,13,Medicago lupulina,550,x50
16/06/2023,4,13,Plantago lanceolata,115,
16/06/2023,4,13,Plantago media,20,
16/06/2023,4,13,Potentilla montana,4,
16/06/2023,4,13,Prunella vulgaris,28,
16/06/2023,4,13,Ranunculus bulbosus,90,
16/06/2023,4,13,Ranunculus repens,176,
16/06/2023,4,13,Rumex acetosella,610,
16/06/2023,4,13,Scleranthus annuus,500,
16/06/2023,4,13,Sherardia arvensis,4000,
16/06/2023,4,13,Taraxacum officinale,43,
16/06/2023,4,13,Teucrium pyrenaicum,65,
16/06/2023,4,13,Thymus praecox ssp. polytrichus,800,x25
16/06/2023,4,13,Trifolium repens,167,
16/06/2023,4,13,Veronica arvensis,75,
16/06/2023,4,13,Veronica officinalis,65,
16/06/2023,4,13,Vicia pyrenaica,3,
16/06/2023,4,14,Asteraceae sp.,2,
16/06/2023,4,14,Bellis perennis,7500,estimado
16/06/2023,4,14,Cerastium fontanum,34,
16/06/2023,4,14,Erinus alpinus,35,
16/06/2023,4,14,Fragaria vesca,13,
16/06/2023,4,14,Galium pinetorum,1080,
16/06/2023,4,14,Geranium molle,2002,
16/06/2023,4,14,Geranium pyrenaicum,110,
16/06/2023,4,14,Geranium robertianum,178,
16/06/2023,4,14,Hutchinsia alpina,31,
16/06/2023,4,14,Hypochaeris radicata,8,
16/06/2023,4,14,Lamium purpureum,102,
16/06/2023,4,14,Lamium sp.,73,amarillo
16/06/2023,4,14,Leucanthemum sp.,2,margarita grande
16/06/2023,4,14,Lotus corniculatus,299,
16/06/2023,4,14,Lysimachia nemorum,4,
16/06/2023,4,14,Meconopsis cambrica,2,
16/06/2023,4,14,Medicago lupulina,6000,
16/06/2023,4,14,Pedicularis sylvatica,5,
16/06/2023,4,14,Pilosella officinarum,2,
16/06/2023,4,14,Plantago lanceolata,137,
16/06/2023,4,14,Plantago media,2,
16/06/2023,4,14,Potentilla erecta,12,
16/06/2023,4,14,Prunella vulgaris,64,
16/06/2023,4,14,Ranunculus repens,3000,
16/06/2023,4,14,Saxifraga hirsuta,161,
16/06/2023,4,14,Sherardia arvensis,415,
16/06/2023,4,14,Taraxacum officinale,4,
16/06/2023,4,14,Trifolium repens,380,
16/06/2023,4,14,Veronica chamaedrys,135,
16/06/2023,4,14,Veronica officinalis,350,
16/06/2023,4,14,Vicia pyrenaica,4,
15/06/2023,4,15,Bellis perennis,1529,
15/06/2023,4,15,Cerastium fontanum,55,
15/06/2023,4,15,Fragaria vesca,1,
15/06/2023,4,15,Galium sp.,525,
15/06/2023,4,15,Geranium pyrenaicum,12,
15/06/2023,4,15,Geranium robertianum,19,
15/06/2023,4,15,Medicago lupulina,175,
15/06/2023,4,15,Lotus corniculatus,552,
15/06/2023,4,15,Plantago lanceolata,2500,estimado
15/06/2023,4,15,Plantago media,100,
15/06/2023,4,15,Potentilla erecta,16,
15/06/2023,4,15,Potentilla montana,5,
15/06/2023,4,15,Prunella vulgaris,100,
15/06/2023,4,15,Ranunculus repens,423,
15/06/2023,4,15,Sherardia arvensis,550,
15/06/2023,4,15,Taraxacum officinale,57,
15/06/2023,4,15,Trifolium pratense,60,x10
15/06/2023,4,15,Thymus praecox ssp. polytrichus,n/c,
15/06/2023,4,15,Trifolium repens,685,
15/06/2023,4,15,Veronica chamaedrys,9,
15/06/2023,4,15,Veronica officinalis,223,
15/06/2023,4,15,Vicia pyrenaica,3,
15/06/2037,4,16,Alchemilla catalaunica,25,
15/06/2050,4,16,Bellis perennis,5000,
15/06/2056,4,16,Cerastium fontanum,70,
15/06/2034,4,16,Erinus alpinus,255,
15/06/2055,4,16,Fragaria vesca,3,
15/06/2030,4,16,Galium pinetorum,475,x25
15/06/2039,4,16,Geranium molle,6,
15/06/2048,4,16,Geranium molle,12,
15/06/2047,4,16,Geranium pyrenaicum,2,
15/06/2051,4,16,Geranium robertianum,10,
15/06/2033,4,16,Hutchinsia alpina,45,
15/06/2036,4,16,Hypochaeris radicata,2,
15/06/2023,4,16,Lotus corniculatus,237,
15/06/2053,4,16,Lysimachia nemorum,2,
15/06/2057,4,16,Medicago lupulina,97,
15/06/2040,4,16,Pilosella lactucella,43,
15/06/2029,4,16,Pilosella officinarum,85,
15/06/2052,4,16,Plantago sp.,800,
15/06/2049,4,16,Polygala vulgaris,6,
15/06/2035,4,16,Potentilla erecta,15,
15/06/2038,4,16,Potentilla montana,27,
15/06/2044,4,16,Prunella grandiflora,7,
15/06/2031,4,16,Ranunculus bulbosus,34,
15/06/2042,4,16,Ranunculus repens,139,
15/06/2043,4,16,Ranunculus tuberosus,55,
15/06/2027,4,16,Saxifraga hirsuta,38,
15/06/2032,4,16,Thymus praecox ssp. polytrichus,150,
15/06/2045,4,16,Thymus praecox ssp. polytrichus,420,
15/06/2046,4,16,Trifolium pratense,1,
15/06/2026,4,16,Trifolium repens,277,
15/06/2041,4,16,Veronica chamaedrys,10,
15/06/2024,4,16,Veronica officinalis,1408,x8
15/06/2054,4,16,Vicia sepium,8,
22/06/2023,5,1,Alchemilla catalaunica,30,
22/06/2023,5,1,Anagallis arvensis,6,
22/06/2023,5,1,Bellis perennis,2500,
22/06/2023,5,1,Campanula glomerata,3,
22/06/2023,5,1,Cerastium fontanum,30,
22/06/2023,5,1,Clinopodium vulgare,50,
22/06/2023,5,1,Endressia castellana,40,
22/06/2023,5,1,Erysimum gorbeanum,2,
22/06/2023,5,1,Euphrasia alpina,150,
22/06/2023,5,1,Galium pinetorum,140,
22/06/2023,5,1,Geranium pyrenaicum,2,
22/06/2023,5,1,Geranium robertianum,8,
22/06/2023,5,1,Heracleum sphondylium,40,
22/06/2023,5,1,Hornungia petraea,20,
22/06/2023,5,1,Linaria propinqua,110,
22/06/2023,5,1,Lotus corniculatus,500,
22/06/2023,5,1,Medicago lupulina,760,
22/06/2023,5,1,Ophrys apifera,5,
22/06/2023,5,1,Prunella vulgaris,970,
22/06/2023,5,1,Ranunculus repens,190,
22/06/2023,5,1,Rubus ulmifolius,5,
22/06/2023,5,1,Sherardia arvensis,110,
22/06/2023,5,1,Plantago sp.,n/c,media + lanceolata
22/06/2023,5,1,Stellaria media,350,
22/06/2023,5,1,Taraxacum officinale,36,
22/06/2023,5,1,Teucrium pyrenaicum,40,
22/06/2023,5,1,Thymus praecox ssp. polytrichus,2020,
22/06/2023,5,1,Trifolium pratense,360,
22/06/2023,5,1,Trifolium repens,532,
22/06/2023,5,1,Veronica chamaedrys,25,
22/06/2023,5,1,Vicia pyrenaica,9,
22/06/2023,5,2,Bellis perennis,1500,
22/06/2023,5,2,Cerastium fontanum,4,
22/06/2023,5,2,Cruciata laevipes,sin datos,
22/06/2023,5,2,Erinus alpinus,4,
22/06/2023,5,2,Fragaria vesca,6,
22/06/2023,5,2,Galium sp.,75,Pinetorum?
22/06/2023,5,2,Geranium robertianum,17,
22/06/2023,5,2,Hypochaeris radicata,80,
22/06/2023,5,2,Lotus corniculatus,79,
22/06/2023,5,2,Lysimachia nemorum,4,
22/06/2023,5,2,Medicago lupulina,43,
22/06/2023,5,2,Myosotis lamottiana,154,
22/06/2023,5,2,Pedicularis sylvatica,1,
22/06/2023,5,2,Plantago sp.,500,
22/06/2023,5,2,Polygala serpyllifolia,19,
22/06/2023,5,2,Potentilla erecta,162,
22/06/2023,5,2,Prunella vulgaris,143,
22/06/2023,5,2,Ranunculus repens,608,
22/06/2023,5,2,Taraxacum officinale,2,
22/06/2023,5,2,Thymus praecox ssp. polytrichus,11,
22/06/2023,5,2,Trifolium pratense,11,
22/06/2023,5,2,Trifolium repens,37,
22/06/2023,5,2,Veronica officinalis,35,
22/06/2023,5,2,Vicia pyrenaica,1,
23/06/2023,5,3,Achillea millefolium,20,
23/06/2023,5,3,Bellis perennis,32,
23/06/2023,5,3,Clinopodium vulgare,15,
23/06/2023,5,3,Daboecia cantabrica,14,
23/06/2023,5,3,Erica vagans,130,
23/06/2023,5,3,Euphrasia alpina,13,
23/06/2023,5,3,Galium pinetorum,675,
23/06/2023,5,3,Geranium molle,3,
23/06/2023,5,3,Geranium pyrenaicum,13,
23/06/2023,5,3,Geranium robertianum,3,
23/06/2023,5,3,Helianthemum nummularium,n/c,
23/06/2023,5,3,Medicago lupulina,n/c,
23/06/2023,5,3,Hypochaeris radicata,6,
23/06/2023,5,3,Lathyrus linifolius,3,
23/06/2023,5,3,Lotus corniculatus,1585,
23/06/2023,5,3,Pilosella officinarum,5,
23/06/2023,5,3,Plantago sp.,363,
23/06/2023,5,3,Potentilla erecta,1009,
23/06/2023,5,3,Prunella grandiflora,1144,
23/06/2023,5,3,Ranunculus tuberosus,40,
23/06/2023,5,3,Teucrium pyrenaicum,621,
23/06/2023,5,3,Thesium pyrenaicum ssp. pyrenaicum,39,
23/06/2023,5,3,Thymus praecox ssp. polytrichus,885,
23/06/2023,5,3,Trifolium pratense,84,
23/06/2023,5,4,Campanula glomerata,19,
23/06/2023,5,4,Clinopodium vulgare,73,
23/06/2023,5,4,Dianthus hyssopifolius,40,
23/06/2023,5,4,Erica vagans,265,
23/06/2023,5,4,Euphrasia alpina,51,
23/06/2023,5,4,Galium sp.,207,
23/06/2023,5,4,Geranium robertianum,18,
23/06/2023,5,4,Lotus corniculatus,575,
23/06/2023,5,4,Medicago lupulina,15,
23/06/2023,5,4,Potentilla erecta,50,
23/06/2023,5,4,Ranunculus repens,3,
23/06/2023,5,4,Rosa arvensis,2,
23/06/2023,5,4,Rubus ulmifolius,130,
23/06/2023,5,4,Satureja alpina ssp. pyrenaea,49,
23/06/2023,5,4,Sedum cf. dasyphyllum,5,
23/06/2023,5,4,Teucrium pyrenaicum,1748,
23/06/2023,5,4,Teucrium scorodonia,30,
23/06/2023,5,4,Thymus praecox ssp. polytrichus,110,
23/06/2023,5,4,Trifolium pratense,10,
23/06/2023,5,4,Vicia pyrenaica,5,
24/06/2023,5,5,Bellis perennis,37,
24/06/2023,5,5,Erica cinerea,660,
24/06/2023,5,5,Erica tetralix,140,
24/06/2023,5,5,Galium saxatile,160,
24/06/2023,5,5,Hypochaeris radicata,71,
24/06/2023,5,5,Jasione laevis,2,
24/06/2023,5,5,Lotus corniculatus,4,
24/06/2023,5,5,Pilosella officinarum,6,
24/06/2023,5,5,Polygala serpyllifolia,6,
24/06/2023,5,5,Potentilla erecta,351,
24/06/2023,5,5,Prunella vulgaris,18,
24/06/2023,5,5,Ranunculus repens,25,
24/06/2023,5,5,Sedum anglicum,300,
24/06/2023,5,5,Trifolium repens,140,
24/06/2023,5,5,Veronica officinalis,220,
24/06/2023,5,6,Erica tetralix,668,
24/06/2023,5,6,Narthecium ossifragum,3,
24/06/2023,5,6,Galium sp.,303,
24/06/2023,5,6,Polygala vulgaris,25,
24/06/2023,5,6,Potentilla erecta,629,
24/06/2023,5,6,Ulex gallii,3,
24/06/2023,5,6,Veronica officinalis,9,
03/07/2023,5,7,Bellis perennis,196,
03/07/2023,5,7,Cerastium fontanum,3,
03/07/2023,5,7,Galium sp.,244,
03/07/2023,5,7,Wahlenbergia hederacea,5,
03/07/2023,5,7,Hypericum sp.,2,
03/07/2023,5,7,Lotus corniculatus,15,
03/07/2023,5,7,Lysimachia nemorum,12,
03/07/2023,5,7,Medicago lupulina,1,per head
03/07/2023,5,7,Myosotis lamottiana,12,
03/07/2023,5,7,Potentilla erecta,451,
03/07/2023,5,7,Prunella vulgaris,915,
03/07/2023,5,7,Ranunculus tuberosus,141,
03/07/2023,5,7,Rubus ulmifolius,20,
03/07/2023,5,7,Taraxacum officinale,5,
03/07/2023,5,7,Trifolium pratense,3,per flower head
03/07/2023,5,7,Trifolium repens,390,per flower head
03/07/2023,5,8,Cerastium fontanum,1,
03/07/2023,5,8,Daboecia cantabrica,138,
03/07/2023,5,8,Erica cinerea,1163,
03/07/2023,5,8,Erica tetralix,554,
03/07/2023,5,8,Erica vagans,1328,
03/07/2023,5,8,Galium pinetorum,20,x10
03/07/2023,5,8,Galium sp.,50,x10
03/07/2023,5,8,Hypochaeris radicata,24,
03/07/2023,5,8,Polygala serpyllifolia,10,
03/07/2023,5,8,Potentilla erecta,8028,
03/07/2023,5,8,Rumex acetosella,40,x20
03/07/2023,5,8,Sedum anglicum,32,
05/07/2023,5,9,Wahlenbergia hederacea,3,Glechoma hederacea?
05/07/2023,5,9,Hypericum humifusum,29,
05/07/2023,5,9,Bellis perennis,15,
05/07/2023,5,9,Cerastium fontanum,48,
05/07/2023,5,9,Daboecia cantabrica,35,
05/07/2023,5,9,Erica cinerea,41,
05/07/2023,5,9,Galium sp.,600,
05/07/2023,5,9,Hypochaeris radicata,36,
05/07/2023,5,9,Jasione laevis,9,morada glob.
05/07/2023,5,9,Lotus corniculatus,175,
05/07/2023,5,9,Lysimachia nemorum,5,
05/07/2023,5,9,Chamaemelum nobile,4,
05/07/2023,5,9,Orchidaceae sp.,10,blanca
05/07/2023,5,9,Pedicularis sylvatica,5,
05/07/2023,5,9,Plantago sp.,250,lancelota +media
05/07/2023,5,9,Polygala vulgaris,8,
05/07/2023,5,9,Potentilla erecta,6009,
05/07/2023,5,9,Prunella vulgaris,175,
05/07/2023,5,9,Ranunculus cf. repens,1000,estimado
05/07/2023,5,9,Rubus ulmifolius,96,
05/07/2023,5,9,Saxifraga hirsuta,6,
05/07/2023,5,9,Sedum album,20,
05/07/2023,5,9,Trifolium repens,714,
05/07/2023,5,9,Ulex gallii,68,
05/07/2023,5,9,Veronica officinalis,34,
05/07/2023,5,10,Bellis perennis,110,
05/07/2023,5,10,Campanula glomerata,12,
05/07/2023,5,10,Cerastium fontanum,16,
05/07/2023,5,10,Eryngium bourgatii,16,
05/07/2023,5,10,Euphrasia alpina,185,
05/07/2023,5,10,Galium sp.,220,
05/07/2023,5,10,Geranium molle,4,
05/07/2023,5,10,Geranium robertianum,16,
05/07/2023,5,10,Helianthemum nummularium,13,
05/07/2023,5,10,Hypochaeris radicata,244,
05/07/2023,5,10,Jasione laevis,8,
05/07/2023,5,10,Lotus corniculatus,540,
05/07/2023,5,10,Medicago lupulina,210,per head
05/07/2023,5,10,Pilosella officinarum,16,
05/07/2023,5,10,Plantago lanceolata,,
05/07/2023,5,10,Plantago lanceolata,445,
05/07/2023,5,10,Plantago media,5,
05/07/2023,5,10,Potentilla erecta,550,
05/07/2023,5,10,Prunella vulgaris,54,
05/07/2023,5,10,Ranunculus tuberosus,37,
05/07/2023,5,10,Sedum sp.,3,
05/07/2023,5,10,Sherardia arvensis,1475,
05/07/2023,5,10,Teucrium pyrenaicum,564,
05/07/2023,5,10,Thymus praecox ssp. polytrichus,13120,
05/07/2023,5,10,Trifolium pratense,3,per head
05/07/2023,5,10,Trifolium repens,179,per head
05/07/2023,5,10,Veronica sp.,2,
04/07/2023,5,11,Daboecia cantabrica,362,
04/07/2023,5,11,Digitalis purpurea,15,
04/07/2023,5,11,Erica cinerea,2720,
04/07/2023,5,11,Erica tetralix,45,
04/07/2023,5,11,Erica vagans,530,
04/07/2023,5,11,Galium sp.,930,
04/07/2023,5,11,Hypochaeris radicata,5,foto en Drive
04/07/2023,5,11,Jasione laevis,85,per head
04/07/2023,5,11,Polygala vulgaris,,
04/07/2023,5,11,Potentilla erecta,455,
04/07/2023,5,11,Rubus ulmifolius,4,
04/07/2023,5,11,Sedum sp.,350,
04/07/2023,5,11,Ulex gallii,600,
04/07/2023,5,12,Hypericum humifusum,22,
04/07/2023,5,12,Bellis perennis,1360,
04/07/2023,5,12,Capsella bursa-pastoris,30,
04/07/2023,5,12,Cerastium fontanum,9,
04/07/2023,5,12,Erica tetralix,130,
04/07/2023,5,12,Erica vagans,17,
04/07/2023,5,12,Galium sp.,750,
04/07/2023,5,12,Geranium pyrenaicum,248,
04/07/2023,5,12,Hypochaeris radicata,35,
04/07/2023,5,12,Lotus corniculatus,250,
04/07/2023,5,12,Chamaemelum nobile,8,
04/07/2023,5,12,Medicago lupulina,252,
04/07/2023,5,12,Pilosella officinarum,7,
04/07/2023,5,12,Plantago sp.,1500,
04/07/2023,5,12,Potentilla erecta,295,
04/07/2023,5,12,Potentilla montana,3,
04/07/2023,5,12,Ranunculus sp.,n/c,
04/07/2023,5,12,Prunella vulgaris,117,
04/07/2023,5,12,Sedum album,58,
04/07/2023,5,12,Taraxacum officinale,6,
04/07/2023,5,12,Teucrium pyrenaicum,6,
04/07/2023,5,12,Thymus praecox ssp. polytrichus,3547,
04/07/2023,5,12,Trifolium pratense,10,
04/07/2023,5,12,Trifolium repens,3000,
04/07/2023,5,12,Veronica officinalis,58,
10/07/2023,5,13,Bellis perennis,1644,
10/07/2023,5,13,Brassicaceae sp.,1,
10/07/2023,5,13,Campanula glomerata,11,
10/07/2023,5,13,Capsella bursa-pastoris,75,
10/07/2023,5,13,Carduncellus mitissimus,9,
10/07/2023,5,13,Cerastium fontanum,25,
10/07/2023,5,13,Cirsium sp.,1,
10/07/2023,5,13,Clinopodium vulgare,18,
10/07/2023,5,13,Erica cinerea,42,
10/07/2023,5,13,Erodium daucoides,10,
10/07/2023,5,13,Eryngium bourgatii,20,
10/07/2023,5,13,Chamaemelum nobile,57,
10/07/2023,5,13,Galium pinetorum,190,
10/07/2023,5,13,Geranium molle,118,
10/07/2023,5,13,Geranium pyrenaicum,13,
10/07/2023,5,13,Helianthemum nummularium,5,
10/07/2023,5,13,Hypochaeris radicata,140,
10/07/2023,5,13,Lotus corniculatus,202,
10/07/2023,5,13,Malva neglecta,2,
10/07/2023,5,13,Medicago lupulina,1360,per head
10/07/2023,5,13,Pilosella officinarum,64,
10/07/2023,5,13,Plantago lanceolata,160,
10/07/2023,5,13,Plantago media,15,
10/07/2023,5,13,Potentilla erecta,1,
10/07/2023,5,13,Potentilla montana,4,
10/07/2023,5,13,Prunella vulgaris,46,
10/07/2023,5,13,Ranunculus sp.,2,
10/07/2023,5,13,Sedum anglicum,17,
10/07/2023,5,13,Sherardia arvensis,3400,
10/07/2023,5,13,Taraxacum officinale,3,
10/07/2023,5,13,Teucrium pyrenaicum,88,
10/07/2023,5,13,Thymus praecox ssp. polytrichus,7450,
10/07/2023,5,13,Trifolium pratense,50,per head
10/07/2023,5,13,Trifolium repens,132,per head
10/07/2023,5,13,Veronica officinalis,125,
10/07/2023,5,13,Vicia pyrenaica,2,
10/07/2023,5,14,Alchemilla vetteri,50,
10/07/2023,5,14,Arabis alpina,7,
10/07/2023,5,14,Bellis perennis,5000,
10/07/2023,5,14,Cerastium fontanum,400,
10/07/2023,5,14,Cirsium eriophorum ssp. richterianum,1,blanco
10/07/2023,5,14,Cirsium eriophorum ssp. richterianum,4,rosa
10/07/2023,5,14,Clinopodium vulgare,50,
10/07/2023,5,14,Dianthus carthusianorum,2,rosa/purpura
10/07/2023,5,14,Cirsium sp.,,cardo que ha cogido Braiss pa identifica
10/07/2023,5,14,Fragaria vesca,1,
10/07/2023,5,14,Galium aparine,50,x10
10/07/2023,5,14,Geranium lucidum,39,
10/07/2023,5,14,Geranium molle,104,
10/07/2023,5,14,Geranium pyrenaicum,18,
10/07/2023,5,14,Geranium robertianum,143,
10/07/2023,5,14,Hornungia petraea,20,x10
10/07/2023,5,14,Hypochaeris radicata,89,
10/07/2023,5,14,Jasione laevis,1,
10/07/2023,5,14,Lamium purpureum,29,
10/07/2023,5,14,Linaria propinqua,60,
10/07/2023,5,14,Lotus corniculatus,101,
10/07/2023,5,14,Lysimachia nemorum,5,
10/07/2023,5,14,Chamaemelum nobile,8,
10/07/2023,5,14,Medicago lupulina,10000,
10/07/2023,5,14,Pilosella officinarum,21,
10/07/2023,5,14,Plantago sp.,200,lanceolata + media
10/07/2023,5,14,Potentilla erecta,5,
10/07/2023,5,14,Prunella vulgaris,6888,
10/07/2023,5,14,Ranunculus repens,60,
10/07/2023,5,14,Ranunculus tuberosus,22,
10/07/2023,5,14,Saxifraga hirsuta,4,
10/07/2023,5,14,Scrophularia alpestris,8,
10/07/2023,5,14,Sedum anglicum,88,
10/07/2023,5,14,Sedum dasyphyllum,14,
10/07/2023,5,14,Sedum album,75,
10/07/2023,5,14,Sherardia arvensis,500,
10/07/2023,5,14,Taraxacum officinale,9,
10/07/2023,5,14,Taraxacum officinale,11,
10/07/2023,5,14,Trifolium pratense,3,per head
10/07/2023,5,14,Trifolium repens,1730,x10
10/07/2023,5,14,Veronica chamaedrys,22,
10/07/2023,5,14,Veronica officinalis,10,
10/07/2023,5,14,Vicia pyrenaica,3,
10/07/2023,5,14,Vicia sp.,4,(Vicia serpidofolia)
14/07/2023,5,15,Achillea millefolium,63,
14/07/2023,5,15,Bellis perennis,729,
14/07/2023,5,15,Capsella bursa-pastoris,100,
14/07/2023,5,15,Cerastium sp.,53,
14/07/2023,5,15,Eryngium bourgatii,80,
14/07/2023,5,15,Euphrasia alpina,40,
14/07/2023,5,15,Fragaria vesca,1,
14/07/2023,5,15,Galium pinetorum,35,
14/07/2023,5,15,Galium verum,325,
14/07/2023,5,15,Geranium molle,33,
14/07/2023,5,15,Hypochaeris radicata,900,
14/07/2023,5,15,Lotus corniculatus,159,
14/07/2023,5,15,Chamaemelum nobile,157,
14/07/2023,5,15,Medicago lupulina,9,
14/07/2023,5,15,Pilosella officinarum,10,
14/07/2023,5,15,Plantago lanceolata,450,
14/07/2023,5,15,Plantago media,24,
14/07/2023,5,15,Potentilla erecta,25,
14/07/2023,5,15,Potentilla montana,2,
14/07/2023,5,15,Prunella vulgaris,163,
14/07/2023,5,15,Ranunculus repens,17,
14/07/2023,5,15,Sedum dasyphyllum,67,
14/07/2023,5,15,Sherardia arvensis,200,
14/07/2023,5,15,Stellaria media,4,
14/07/2023,5,15,Taraxacum officinale,73,
14/07/2023,5,15,Thymus praecox ssp. polytrichus,1128,
14/07/2023,5,15,Trifolium pratense,102,
14/07/2023,5,15,Trifolium repens,61,
14/07/2023,5,15,Ulex gallii,155,
14/07/2023,5,15,Veronica chamaedrys,6,
14/07/2023,5,15,Veronica officinalis,24,
14/07/2023,5,16,Achillea millefolium,35,
14/07/2023,5,16,Bellis perennis,5040,
14/07/2023,5,16,Campanula sp.,17,
14/07/2023,5,16,Cerastium fontanum,54,
14/07/2023,5,16,Erica vagans,75,
14/07/2023,5,16,Euphrasia alpina,22,
14/07/2023,5,16,Colchicum montanum,1,6 petalos sale desde suelo
14/07/2023,5,16,Geranium pyrenaicum,9,
14/07/2023,5,16,Geranium robertianum,3,
14/07/2023,5,16,Hypochaeris radicata,101,
14/07/2023,5,16,Lotus corniculatus,288,
14/07/2023,5,16,Chamaemelum nobile,24,
14/07/2023,5,16,Medicago lupulina,165,
14/07/2023,5,16,Plantago sp.,300,
14/07/2023,5,16,Potentilla erecta,335,
14/07/2023,5,16,Prunella vulgaris,1564,x4
14/07/2023,5,16,Ranunculus repens,49,
14/07/2023,5,16,Taraxacum officinale,35,
14/07/2023,5,16,Thymus praecox ssp. polytrichus,1290,x6
14/07/2023,5,16,Trifolium pratense,208,
14/07/2023,5,16,Trifolium repens,58,
14/07/2023,5,16,Veronica officinalis,12,
18/07/2023,6,1,Anagallis arvensis,22,
18/07/2023,6,1,Bellis perennis,6000,
18/07/2023,6,1,Campanula glomerata,17,
18/07/2023,6,1,Campanula hispanica,210,x5
18/07/2023,6,1,Campanula scheuchzeri,15,x5
18/07/2023,6,1,Capsella bursa-pastoris,10,
18/07/2023,6,1,Cerastium fontanum,17,
18/07/2023,6,1,Rhinanthus angustifolius,1,
18/07/2023,6,1,Cirsium eriophorum ssp. richterianum,20,
18/07/2023,6,1,Clinopodium vulgare,20,
18/07/2023,6,1,Dianthus hyssopifolius,7,
18/07/2023,6,1,Endressia castellana,20,
18/07/2023,6,1,Eryngium bourgatii,760,x20
18/07/2023,6,1,Euphrasia alpina,210,x10
18/07/2023,6,1,Galium pinetorum,15,
18/07/2023,6,1,Geranium robertianum,5,
18/07/2023,6,1,Hornungia petraea,10,
18/07/2023,6,1,Hypochaeris radicata,163,
18/07/2023,6,1,Linum catharticum,2,
18/07/2023,6,1,Linaria propinqua,80,x10
18/07/2023,6,1,Lotus corniculatus,260,
18/07/2023,6,1,Medicago lupulina,300,x10
18/07/2023,6,1,Plantago lanceolata,400,
18/07/2023,6,1,Plantago media,261,
18/07/2023,6,1,Polygala vulgaris,10,
18/07/2023,6,1,Prunella grandiflora,6,
18/07/2023,6,1,Prunella vulgaris,805,x5
18/07/2023,6,1,Ranunculus tuberosus,52,
18/07/2023,6,1,Rubus ulmifolius,40,
18/07/2023,6,1,Scabiosa columbaria,20,
18/07/2023,6,1,Sedum album,110,
18/07/2023,6,1,Sherardia arvensis,230,
18/07/2023,6,1,Sideritis hyssopifolia,20,x10
18/07/2023,6,1,Stellaria media,70,
18/07/2023,6,1,Taraxacum officinale,23,
18/07/2023,6,1,Teucrium pyrenaicum,110,x5
18/07/2023,6,1,Thymus praecox ssp. polytrichus,400,x50
18/07/2023,6,1,Trifolium pratense,5352,x12
18/07/2023,6,1,Trifolium repens,602,x12
18/07/2023,6,1,Vicia pyrenaica,2,
18/07/2023,6,2,Jacobaea sp. cf.,19,amarilla
18/07/2023,6,2,Bellis perennis,572,
18/07/2023,6,2,Campanula sp.,20,Campana morada
18/07/2023,6,2,Cerastium fontanum,22,
18/07/2023,6,2,Eryngium bourgatii,1,
18/07/2023,6,2,Euphrasia alpina,160,
18/07/2023,6,2,Fragaria vesca,1,
18/07/2023,6,2,Geranium robertianum,47,
18/07/2023,6,2,Hypochaeris radicata,108,
18/07/2023,6,2,Lotus corniculatus,101,
18/07/2023,6,2,Lysimachia nemorum,1,
18/07/2023,6,2,Chamaemelum nobile,4,
18/07/2023,6,2,Myosotis lamottiana,3,
18/07/2023,6,2,Plantago sp.,935,P. media + P. lanceolata
18/07/2023,6,2,Potentilla erecta,1680,
18/07/2023,6,2,Prunella vulgaris,5604,x6
18/07/2023,6,2,Ranunculus repens,50,
18/07/2023,6,2,Taraxacum officinale,4,
18/07/2023,6,2,Thymus praecox ssp. polytrichus,4152,x8
18/07/2023,6,2,Trifolium pratense,107,
18/07/2023,6,2,Trifolium repens,63,
18/07/2023,6,2,Veronica chamaedrys,4,
18/07/2023,6,2,Wahlenbergia hederacea,95,
18/07/2023,6,3,Achillea millefolium,21,
18/07/2023,6,3,Bellis perennis,2,
18/07/2023,6,3,Betonica officinalis,17,
18/07/2023,6,3,Campanula glomerata,11,
18/07/2023,6,3,Daboecia cantabrica,17,
18/07/2023,6,3,Erica cinerea,120,
18/07/2023,6,3,Erica vagans,1140,per stalk
18/07/2023,6,3,Eryngium bourgatii,4,
18/07/2023,6,3,Euphrasia alpina,105,
18/07/2023,6,3,Galium sp.,8,blanco
18/07/2023,6,3,Helianthemum nummularium,8,
18/07/2023,6,3,Hypochaeris radicata,20,
18/07/2023,6,3,Jacobaea sp. cf.,2,
18/07/2023,6,3,Lotus corniculatus,224,
18/07/2023,6,3,Medicago lupulina,8,per head
18/07/2023,6,3,Plantago lanceolata,113,
18/07/2023,6,3,Plantago media,56,
18/07/2023,6,3,Polygala vulgaris,2,
18/07/2023,6,3,Potentilla erecta,922,
18/07/2023,6,3,Prunella grandiflora,66,
18/07/2023,6,3,Ranunculus repens,5,
18/07/2023,6,3,Teucrium pyrenaicum,40,
18/07/2023,6,3,Thesium pyrenaicum ssp. pyrenaicum,5,
18/07/2023,6,3,Thymus praecox ssp. polytrichus,470,per stalk
18/07/2023,6,3,Trifolium pratense,530,
18/07/2023,6,3,Trifolium repens,2,
18/07/2023,6,4,Seseli libanotis ssp. pyrenaicum,1,p6 Seseli libanotis ssp. pyrenaicum biomass notes
18/07/2023,6,4,Betonica officinalis,80,
18/07/2023,6,4,Campanula glomerata,28,
18/07/2023,6,4,Clinopodium vulgare,35,
18/07/2023,6,4,Dianthus hyssopifolius,70,
18/07/2023,6,4,Erica vagans,27700,
18/07/2023,6,4,Euphrasia alpina,50,
18/07/2023,6,4,Galium pinetorum,150,
18/07/2023,6,4,Geranium robertianum,75,
18/07/2023,6,4,Lotus corniculatus,135,
18/07/2023,6,4,Origanum vulgare,640,x20
18/07/2023,6,4,Potentilla erecta,180,
18/07/2023,6,4,Ranunculus repens,3,
18/07/2023,6,4,Rubus ulmifolius,76,
18/07/2023,6,4,Sedum album,400,
18/07/2023,6,4,Sedum dasyphyllum,76,
18/07/2023,6,4,Teucrium pyrenaicum,198,
18/07/2023,6,4,Teucrium scorodonia,2170,
18/07/2023,6,4,Thymus praecox ssp. polytrichus,1450,
18/07/2023,6,4,Trifolium pratense,54,
18/07/2023,6,4,Vicia pyrenaica,4,
17/07/2023,6,5,Bellis perennis,10,
17/07/2023,6,5,Betonica officinalis,6,
17/07/2023,6,5,Campanula scheuchzeri,7,
17/07/2023,6,5,Daboecia cantabrica,8,
17/07/2023,6,5,Erica cinerea,8000,
17/07/2023,6,5,Erica tetralix,1962,
17/07/2023,6,5,Erica vagans,3700,
17/07/2023,6,5,Hypochaeris radicata,112,
17/07/2023,6,5,Polygala vulgaris,60,
17/07/2023,6,5,Potentilla erecta,1962,
17/07/2023,6,5,Prunella vulgaris,75,
17/07/2023,6,5,Ranunculus sp.,7,
17/07/2023,6,5,Rubus ulmifolius,n/c,
17/07/2023,6,5,Sedum anglicum,22,
17/07/2023,6,5,Taraxacum officinale,1,
17/07/2023,6,5,Trifolium repens,6,
17/07/2023,6,5,Ulex gallii,128,
17/07/2023,6,6,Daboecia cantabrica,413,
17/07/2023,6,6,Erica cinerea,10827,x9
17/07/2023,6,6,Erica tetralix,1687,x7
17/07/2023,6,6,Erica vagans,5083,x17
17/07/2023,6,6,Polygala vulgaris,25,
17/07/2023,6,6,Potentilla erecta,2516,
17/07/2023,6,6,Ulex gallii,1490,
17/07/2023,6,6,Veronica officinalis,21,
27/07/2023,6,7,Bellis perennis,20,x10
27/07/2023,6,7,Cerastium fontanum,2,
27/07/2023,6,7,Cirsium palustre,2,
27/07/2023,6,7,Daboecia cantabrica,100,x10
27/07/2023,6,7,Erica vagans,570,x10
27/07/2023,6,7,Jasione laevis,10,x10
27/07/2023,6,7,Lotus corniculatus,20,x10
27/07/2023,6,7,Potentilla erecta,515,
27/07/2023,6,7,Prunella vulgaris,370,x10
27/07/2023,6,7,Ranunculus tuberosus,26,
27/07/2023,6,7,Rubus ulmifolius,6,muy negra
27/07/2023,6,7,Taraxacum officinale,21,
27/07/2023,6,7,Trifolium pratense,360,x20
27/07/2023,6,7,Trifolium repens,242,x12
27/07/2023,6,7,Wahlenbergia hederacea,39,
27/07/2023,6,8,Calluna vulgaris,250,
27/07/2023,6,8,Daboecia cantabrica,758,
27/07/2023,6,8,Erica cinerea,8980,
27/07/2023,6,8,Erica tetralix,632,
27/07/2023,6,8,Erica vagans,16623,
27/07/2023,6,8,Hypochaeris radicata,35,
27/07/2023,6,8,Potentilla erecta,5377,
27/07/2023,6,8,Ulex gallii,4,
27/07/2023,6,9,Bellis perennis,7,
27/07/2023,6,9,Betonica officinalis,11,
27/07/2023,6,9,Cerastium fontanum,52,
27/07/2023,6,9,Daboecia cantabrica,142,
27/07/2023,6,9,Epilobium sp.,2,
27/07/2023,6,9,Erica cinerea,41,
27/07/2023,6,9,Erica vagans,105,
27/07/2023,6,9,Hypochaeris radicata,24,
27/07/2023,6,9,Lotus corniculatus,66,
27/07/2023,6,9,Chamaemelum nobile,25,
27/07/2023,6,9,Pedicularis sylvatica,2,
27/07/2023,6,9,Pilosella officinarum,1,
27/07/2023,6,9,Plantago lanceolata,32,
27/07/2023,6,9,Polygala vulgaris,24,
27/07/2023,6,9,Potentilla erecta,2296,
27/07/2023,6,9,Prunella vulgaris,30,
27/07/2023,6,9,Ranunculus repens,42,
27/07/2023,6,9,Ranunculus flammula,52,"""cancelado"""
27/07/2023,6,9,Rubus ulmifolius,27,
27/07/2023,6,9,Sedum anglicum,10,
27/07/2023,6,9,Trifolium repens,341,
27/07/2023,6,9,Ulex gallii,15,
27/07/2023,6,9,Veronica officinalis,40,
27/07/2023,6,9,Wahlenbergia hederacea,245,
27/07/2023,6,10,Bellis perennis,18,
27/07/2023,6,10,Campanula glomerata,6,foto en drive
27/07/2023,6,10,Cerastium fontanum,6,
27/07/2023,6,10,Cirsium eriophorum ssp. richterianum,10,foto en drive
27/07/2023,6,10,Cirsium vulgare,18,foto en drive
27/07/2023,6,10,Colchicum montanum,83,
27/07/2023,6,10,Erica cinerea,590,
27/07/2023,6,10,Erica vagans,13,
27/07/2023,6,10,Eryngium bourgatii,4,
27/07/2023,6,10,Euphrasia alpina,253,
27/07/2023,6,10,Geranium robertianum,3,
27/07/2023,6,10,Helianthemum nummularium,13,
27/07/2023,6,10,Hypochaeris radicata,360,
27/07/2023,6,10,Jasione laevis,7,
27/07/2023,6,10,Lotus corniculatus,266,
27/07/2023,6,10,Chamaemelum nobile,50,
27/07/2023,6,10,Pilosella officinarum,187,
27/07/2023,6,10,Plantago lanceolata,425,
27/07/2023,6,10,Plantago media,32,
27/07/2023,6,10,Potentilla erecta,326,
27/07/2023,6,10,Potentilla montana,1,
27/07/2023,6,10,Prunella vulgaris,12,
27/07/2023,6,10,Ranunculus tuberosus,5,
27/07/2023,6,10,Sedum cf. album,3,
27/07/2023,6,10,Sedum cf. dasyphyllum,5,
27/07/2023,6,10,Sherardia arvensis,525,
27/07/2023,6,10,Taraxacum officinale,14,
27/07/2023,6,10,Thymus praecox ssp. polytrichus,423,
27/07/2023,6,10,Trifolium pratense,31,
27/07/2023,6,10,Trifolium repens,35,
27/07/2023,6,10,Veronica arvensis,5,
26/07/2023,6,11,Daboecia cantabrica,765,
26/07/2023,6,11,Digitalis purpurea,17,
26/07/2023,6,11,Erica cinerea,10500,
26/07/2023,6,11,Erica tetralix,25,
26/07/2023,6,11,Erica vagans,15600,
26/07/2023,6,11,Hypochaeris radicata,5,
26/07/2023,6,11,Jasione laevis,90,
26/07/2023,6,11,Potentilla erecta,440,
26/07/2023,6,11,Sedum anglicum,35,
26/07/2023,6,11,Teucrium scorodonia,10,
26/07/2023,6,11,Ulex gallii,7300,
26/07/2023,6,12,Bellis perennis,423,
26/07/2023,6,12,Capsella bursa-pastoris,131,
26/07/2023,6,12,Cerastium fontanum,32,
26/07/2023,6,12,Cerastium glomeratum,30,
26/07/2023,6,12,Cirsium sp.,19,
26/07/2023,6,12,Erica cinerea,150,
26/07/2023,6,12,Erica tetralix,90,
26/07/2023,6,12,Erica vagans,180,
26/07/2023,6,12,Euphrasia alpina,140,
26/07/2023,6,12,Geranium molle,415,
26/07/2023,6,12,Hypochaeris radicata,43,
26/07/2023,6,12,Lotus corniculatus,91,
26/07/2023,6,12,Chamaemelum nobile,150,
26/07/2023,6,12,Medicago lupulina,42,
26/07/2023,6,12,Colchicum montanum,4,
26/07/2023,6,12,Pilosella officinarum,9,
26/07/2023,6,12,Plantago lanceolata,100,
26/07/2023,6,12,Plantago media,18,
26/07/2023,6,12,Potentilla erecta,232,
26/07/2023,6,12,Potentilla montana,1,
26/07/2023,6,12,Prunella vulgaris,60,
26/07/2023,6,12,Ranunculus repens,1,
26/07/2023,6,12,Sedum anglicum,42,
26/07/2023,6,12,Sherardia arvensis,190,
26/07/2023,6,12,Stellaria media,47,
26/07/2023,6,12,Taraxacum officinale,8,
26/07/2023,6,12,Thymus praecox ssp. polytrichus,200,
26/07/2023,6,12,Trifolium pratense,5,
26/07/2023,6,12,Trifolium repens,216,
26/07/2023,6,12,Veronica officinalis,40,
26/07/2023,6,13,Satureja alpina ssp. pyrenaea,10,x10
26/07/2023,6,13,Arenaria serpyllifolia,20,x10
26/07/2023,6,13,Bellis perennis,700,
26/07/2023,6,13,Campanula glomerata,1,
26/07/2023,6,13,Capsella bursa-pastoris,40,x10
26/07/2023,6,13,Carduncellus mitissimus,1,
26/07/2023,6,13,Cerastium fontanum,90,x10
26/07/2023,6,13,Chamaemelum nobile,386,
26/07/2023,6,13,Cirsium eriophorum ssp. richterianum,100,ssp. richterianum
26/07/2023,6,13,Clinopodium vulgare,40,x10
26/07/2023,6,13,Erica vagans,200,
26/07/2023,6,13,Erodium daucoides,7,
26/07/2023,6,13,Eryngium bourgatii,100,x10
26/07/2023,6,13,Fragaria vesca,3,
26/07/2023,6,13,Galium pinetorum,200,
26/07/2023,6,13,Geranium molle,81,
26/07/2023,6,13,Geranium pyrenaicum,29,
26/07/2023,6,13,Helianthemum nummularium,3,
26/07/2023,6,13,Hutchinsia alpina,10,
26/07/2023,6,13,Hypochaeris radicata,150,
26/07/2023,6,13,Lotus corniculatus,416,
26/07/2023,6,13,Malva sp.,10,
26/07/2023,6,13,Medicago lupulina,800,
26/07/2023,6,13,Colchicum montanum,44,
26/07/2023,6,13,Pilosella officinarum,51,
26/07/2023,6,13,Plantago lanceolata,15,
26/07/2023,6,13,Plantago media,21,
26/07/2023,6,13,Potentilla erecta,8,
26/07/2023,6,13,Prunella vulgaris,80,x10
26/07/2023,6,13,Ranunculus tuberosus,7,
26/07/2023,6,13,Sedum album,250,x10
26/07/2023,6,13,Sedum dasyphyllum,20,x5
26/07/2023,6,13,Sherardia arvensis,1000,
26/07/2023,6,13,Stellaria media,30,x10
26/07/2023,6,13,Taraxacum officinale,65,
26/07/2023,6,13,Teucrium pyrenaicum,2,x10
26/07/2023,6,13,Thymus praecox ssp. polytrichus,285,x5
26/07/2023,6,13,Trifolium pratense,140,
26/07/2023,6,13,Trifolium repens,2184,x12
26/07/2023,6,13,Veronica arvensis,20,x10
26/07/2023,6,14,Achillea millefolium,78,
26/07/2023,6,14,Ajuga reptans,9,"""alargada parecida a punella pero flor alargada"""
26/07/2023,6,14,Arenaria montana,12,
26/07/2023,6,14,Bellis perennis,1628,
26/07/2023,6,14,Cerastium fontanum,72,
26/07/2023,6,14,Erinus alpinus,5,
26/07/2023,6,14,Cirsium sp.,11,sp. bourgatii?
26/07/2023,6,14,Cirsium sp.,1,"""mariposa foto"""
26/07/2023,6,14,Cirsium sp.,16,blanco
26/07/2023,6,14,Fragaria vesca,1,
26/07/2023,6,14,Geranium pyrenaicum,44,
26/07/2023,6,14,Geranium robertianum,184,
26/07/2023,6,14,Hypochaeris radicata,290,
26/07/2023,6,14,Lamium purpureum,16,
26/07/2023,6,14,Lamium galeobdolon,111,amarilla
26/07/2023,6,14,Lotus corniculatus,246,
26/07/2023,6,14,Chamaemelum nobile,124,
26/07/2023,6,14,Medicago lupulina,500,
26/07/2023,6,14,Pilosella officinarum,26,
26/07/2023,6,14,Colchicum montanum,2,"""flor rosa sale desde suelo, 5 petalos"""
26/07/2023,6,14,Plantago sp.,268,
26/07/2023,6,14,Potentilla erecta,22,
26/07/2023,6,14,Prunella vulgaris,420,
26/07/2023,6,14,Ranunculus repens,20,
26/07/2023,6,14,SI (Scrophularia cf. blanca),234,"cf , blanca"
26/07/2023,6,14,Scrophularia alpestris,31,"""classic"""
26/07/2023,6,14,Sedum anglicum,85,
26/07/2023,6,14,Sedum sp.,190,
26/07/2023,6,14,Taraxacum officinale,15,
26/07/2023,6,14,Trifolium pratense,13,
26/07/2023,6,14,Trifolium repens,86,
26/07/2023,6,14,Veronica chamaedrys,34,
26/07/2023,6,14,Vicia sp.,4,
26/07/2023,6,14,Viola riviniana,2,
27/04/2023,2,11,Vaccinium myrtillus,525,
27/04/2023,2,11,Erica arborea,4500,
27/04/2023,2,11,Potentilla erecta,40,
27/04/2023,2,11,Polygala vulgaris,352,
27/04/2023,2,11,Scilla verna,145,
27/04/2023,2,11,Viola riviniana,5,
27/04/2023,2,11,Lathyrus linifolius,2,
27/04/2023,2,11,Euphorbia dulcis,38,
27/04/2023,2,12,Oxalis acetosella,21,
27/04/2023,2,12,Lathyrus linifolius,4,
27/04/2023,2,12,Potentilla montana,80,
27/04/2023,2,12,Hepatica nobilis,1,
27/04/2023,2,12,Hutchinsia alpina,235,
27/04/2023,2,12,Erodium sp.,139,
27/04/2023,2,12,Viola riviniana,264,
27/04/2023,2,12,Bellis perennis,6248,
27/04/2023,2,12,Taraxacum officinale,568,
27/04/2023,2,12,Polygala vulgaris,102,
27/04/2023,2,12,Hippocrepis comosa,9,
27/04/2023,2,12,Vicia pyrenaica,3,
27/04/2023,2,12,Fragaria vesca,6,
27/04/2023,2,12,Lathyrus linifolius,4,
27/04/2023,2,12,Potentilla erecta,38,
27/04/2023,2,12,Capsella bursa-pastoris,202,
27/04/2023,2,12,Helleborus viridis,5,
02/05/2023,2,13,Taraxacum officinale,808,
02/05/2023,2,13,Vicia pyrenaica,20,
02/05/2023,2,13,Potentilla montana,553,
02/05/2023,2,13,Viola riviniana,40,
02/05/2023,2,13,Veronica arvensis,60,
02/05/2023,2,13,Potentilla erecta,10,
02/05/2023,2,13,Helleborus viridis,12,
02/05/2023,2,13,Medicago lupulina,85,
02/05/2023,2,13,Erinus alpinus,255,
02/05/2023,2,13,SI (Pink sp.1),510,
02/05/2023,2,13,Hutchinsia alpina,65,
02/05/2023,2,13,Veronica chamaedrys,100,
02/05/2023,2,13,Lotus corniculatus,55,
02/05/2023,2,13,Scilla verna,15,
02/05/2023,2,13,Geranium sp.,144,pink
02/05/2023,2,13,Bellis perennis,3131,
02/05/2023,2,13,SI (ravia),16,
02/05/2023,2,14,Arabis alpina,335,
02/05/2023,2,14,Bellis perennis,9000,
02/05/2023,2,14,Convallaria majalis,18,
02/05/2023,2,14,Capsella bursa-pastoris,5,
02/05/2023,2,14,Cerastium fontanum,7,
02/05/2023,2,14,Erinus alpinus,4,
02/05/2023,2,14,Geranium lucidum,44,
02/05/2023,2,14,Geranium robertianum,2,
02/05/2023,2,14,Helleborus viridis,30,
02/05/2023,2,14,Lamium sp.,34,
02/05/2023,2,14,Hutchinsia alpina,9852,
02/05/2023,2,14,Lamium sp.,73,
02/05/2023,2,14,Linaria supina,18,
02/05/2023,2,14,Lotus corniculatus,8,
02/05/2023,2,14,Oxalis acetosella,33,
02/05/2023,2,14,Pedicularis sylvatica,15,
02/05/2023,2,14,Polygala vulgaris,10,
02/05/2023,2,14,Potentilla erecta,2,
02/05/2023,2,14,Potentilla montana,186,
02/05/2023,2,14,Potentilla sterilis,189,
02/05/2023,2,14,Ranunculus sp.,75,
02/05/2023,2,14,Stellaria media,11,
02/05/2023,2,14,Taraxacum officinale,561,
02/05/2023,2,14,Veronica arvensis,50,blanco
02/05/2023,2,14,Veronica chamaedrys,40,
02/05/2023,2,14,Viola riviniana,767,
